Resolved "preview" environment for the build. Learn more: https://docs.expo.dev/eas/environment-variables/#setting-the-environment-for-your-builds
Environment variables with visibility "Plain text" and "Sensitive" loaded from the "preview" environment on EAS: EXPO_PUBLIC_AMPLITUDE_API_KEY, EXPO_PUBLIC_CLERK_PUBLISHABLE_KEY, EXPO_PUBLIC_CONVEX_URL, EXPO_PUBLIC_RC_ANDROID_KEY, EXPO_PUBLIC_SENTRY_DSN.
Environment variables loaded from the "preview" build profile "env" configuration: EXPO_PUBLIC_APP_VARIANT.

android.versionCode field in app config is ignored when version source is set to remote, but this value will still be in the manifest available via expo-constants. It's recommended to remove this value from app config.
✔ Using remote Android credentials (Expo server)
✔ Using Keystore from configuration: hizli-okuma-development (default)
⠋ Compressing project files✔ Compressed project files 1s (6.9 MB)
⠋ Computing project fingerprint⠙ Computing project fingerprint⠹ Computing project fingerprint⠸ Computing project fingerprint⠼ Computing project fingerprint⠴ Computing project fingerprint⠦ Computing project fingerprint⠧ Computing project fingerprint⠇ Computing project fingerprint⠏ Computing project fingerprint⠋ Computing project fingerprint⠙ Computing project fingerprint⠹ Computing project fingerprint⠸ Computing project fingerprint⠼ Computing project fingerprint⠴ Computing project fingerprint⠦ Computing project fingerprint⠧ Computing project fingerprint⠇ Computing project fingerprint⠏ Computing project fingerprint⠋ Computing project fingerprint⠙ Computing project fingerprint⠹ Computing project fingerprint⠸ Computing project fingerprint⠼ Computing project fingerprint⠴ Computing project fingerprint⠦ Computing project fingerprint⠧ Computing project fingerprint⠇ Computing project fingerprint⠏ Computing project fingerprint⠋ Computing project fingerprint⠙ Computing project fingerprint⠹ Computing project fingerprint⠸ Computing project fingerprint⠼ Computing project fingerprint⠴ Computing project fingerprint⠦ Computing project fingerprint⠧ Computing project fingerprint⠇ Computing project fingerprint⠏ Computing project fingerprint⠋ Computing project fingerprint⠙ Computing project fingerprint⠹ Computing project fingerprint⠸ Computing project fingerprint⠼ Computing project fingerprint⠴ Computing project fingerprint⠦ Computing project fingerprint⠧ Computing project fingerprint⠇ Computing project fingerprint⠏ Computing project fingerprint⠋ Computing project fingerprint⠙ Computing project fingerprint⠹ Computing project fingerprint⠸ Computing project fingerprint⠼ Computing project fingerprint⠴ Computing project fingerprint⠦ Computing project fingerprint⠧ Computing project fingerprint✔ Computed project fingerprint
ANDROID_NDK_HOME environment variable was not specified, continuing build without NDK
[SETUP_WORKINGDIR] Preparing workingdir /tmp/emre/eas-build-local-nodejs/315c31c7-5049-4f6e-a6ac-1b06071346d8
[START_BUILD] Starting build
  "job": {
    "type": "managed",
    "platform": "android",
    "projectRootDirectory": ".",
    "projectArchive": {
      "type": "PATH",
      "path": "/tmp/emre/eas-cli-nodejs/284ff008-dba1-4bf0-a978-2816cc8a9208.tar.gz"
    },
    "builderEnvironment": {
      "env": {
        "EXPO_PUBLIC_APP_VARIANT": "preview"
      }
    },
    "cache": {
      "disabled": false,
      "paths": [],
      "clear": false
    },
    "updates": {},
    "buildType": "apk",
    "username": "dukeemree",
    "version": {
      "versionCode": "2"
    },
    "experimental": {},
    "mode": "build",
    "triggeredBy": "EAS_CLI",
    "appId": "6e8675f6-36b8-4d11-ba8a-3fe4efb3d63d",
    "initiatingUserId": "dae20471-ad43-4cc6-9786-fc8c09853b3d"
  }
Local build, skipping project archive refresh
[READ_EAS_JSON] Using eas.json:
[READ_EAS_JSON] {
  "cli": {
    "version": ">= 14.0.0",
    "appVersionSource": "remote"
  },
  "build": {
    "development": {
      "developmentClient": true,
      "distribution": "internal",
      "env": {
        "EXPO_PUBLIC_APP_VARIANT": "development"
      }
    },
    "preview": {
      "distribution": "internal",
      "env": {
        "EXPO_PUBLIC_APP_VARIANT": "preview"
      }
    },
    "production": {
      "autoIncrement": true,
      "env": {
        "EXPO_PUBLIC_APP_VARIANT": "production"
      }
    }
  },
  "submit": {
    "production": {}
  }
}

[READ_PACKAGE_JSON] Using package.json:
[READ_PACKAGE_JSON] {
  "name": "hizli-okuma",
  "main": "expo-router/entry",
  "version": "1.0.0",
  "dependencies": {
    "@amplitude/analytics-react-native": "^1.6.8",
    "@clerk/clerk-expo": "^2.19.31",
    "@expo/ui": "~57.0.10",
    "@hookform/resolvers": "^5.7.1",
    "@react-native-community/datetimepicker": "9.1.0",
    "@react-native-community/netinfo": "12.0.1",
    "@sentry/react-native": "~7.11.0",
    "@shopify/react-native-skia": "2.6.2",
    "@tamagui/config": "^2.7.4",
    "@tamagui/core": "^2.7.4",
    "@tamagui/toast": "^2.7.4",
    "convex": "^1.43.0",
    "expo": "~57.0.12",
    "expo-asset": "~57.0.10",
    "expo-audio": "~57.0.3",
    "expo-auth-session": "~57.0.6",
    "expo-constants": "~57.0.10",
    "expo-dev-client": "~57.0.11",
    "expo-device": "~57.0.1",
    "expo-font": "~57.0.1",
    "expo-glass-effect": "~57.0.1",
    "expo-haptics": "~57.0.1",
    "expo-image": "~57.0.2",
    "expo-linking": "~57.0.5",
    "expo-localization": "^57.0.1",
    "expo-notifications": "~57.0.10",
    "expo-router": "~57.0.12",
    "expo-secure-store": "^57.0.1",
    "expo-splash-screen": "~57.0.6",
    "expo-status-bar": "~57.0.1",
    "expo-symbols": "~57.0.2",
    "expo-system-ui": "~57.0.2",
    "expo-web-browser": "~57.0.2",
    "i18next": "^26.3.6",
    "lucide-react-native": "^1.31.0",
    "react": "19.2.3",
    "react-dom": "19.2.3",
    "react-hook-form": "^7.85.0",
    "react-i18next": "^17.0.11",
    "react-native": "0.86.2",
    "react-native-gesture-handler": "~2.32.0",
    "react-native-mmkv": "^4.3.2",
    "react-native-nitro-modules": "^0.36.5",
    "react-native-purchases": "^10.7.0",
    "react-native-purchases-ui": "^10.7.0",
    "react-native-reanimated": "4.5.1",
    "react-native-safe-area-context": "~5.7.0",
    "react-native-screens": "~4.26.0",
    "react-native-svg": "15.15.4",
    "react-native-web": "~0.21.0",
    "react-native-worklets": "0.10.1",
    "tamagui": "^2.7.4",
    "victory-native": "^41.26.0",
    "zod": "^4.4.3",
    "zustand": "^5.0.14"
  },
  "devDependencies": {
    "@testing-library/react-hooks": "^8.0.1",
    "@types/bun": "^1.3.14",
    "@types/node": "^26.2.0",
    "@types/react": "~19.2.2",
    "eslint": "8",
    "eslint-config-expo": "^57.0.1",
    "eslint-config-prettier": "^10.1.8",
    "prettier": "^3.9.6",
    "react-test-renderer": "^19.2.8",
    "typescript": "~6.0.3"
  },
  "scripts": {
    "start": "expo start",
    "reset-project": "node ./scripts/reset-project.js",
    "android": "expo run:android",
    "ios": "expo run:ios",
    "web": "expo start --web",
    "lint": "eslint \"src/**/*.{js,jsx,ts,tsx}\"",
    "typecheck": "tsc --noEmit",
    "format": "prettier --write \"src/**/*.{js,jsx,ts,tsx,json,md}\"",
    "format:check": "prettier --check \"src/**/*.{js,jsx,ts,tsx,json,md}\"",
    "i18n:check": "bun ./scripts/i18n-check.ts",
    "postinstall": "bunx install-skia"
  },
  "private": true,
  "overrides": {
    "expo-constants": "~57.0.10"
  }
}
[INSTALL_DEPENDENCIES] Running "bun install --frozen-lockfile" in /tmp/emre/eas-build-local-nodejs/315c31c7-5049-4f6e-a6ac-1b06071346d8/build directory
[INSTALL_DEPENDENCIES] bun install v1.3.14-canary.1 (0d9b296a)
[INSTALL_DEPENDENCIES] 
[INSTALL_DEPENDENCIES] $ bunx install-skia
[INSTALL_DEPENDENCIES] -- Skia iOS package: /tmp/emre/eas-build-local-nodejs/315c31c7-5049-4f6e-a6ac-1b06071346d8/build/node_modules/react-native-skia-apple-ios
[INSTALL_DEPENDENCIES] -- Skia macOS package: /tmp/emre/eas-build-local-nodejs/315c31c7-5049-4f6e-a6ac-1b06071346d8/build/node_modules/react-native-skia-apple-macos
[INSTALL_DEPENDENCIES] -- Skia tvOS package: /tmp/emre/eas-build-local-nodejs/315c31c7-5049-4f6e-a6ac-1b06071346d8/build/node_modules/react-native-skia-apple-tvos
[INSTALL_DEPENDENCIES] -- Copied Apple xcframeworks to libs/
[INSTALL_DEPENDENCIES] -- Skia Android package: /tmp/emre/eas-build-local-nodejs/315c31c7-5049-4f6e-a6ac-1b06071346d8/build/node_modules/react-native-skia-android
[INSTALL_DEPENDENCIES] -- Copied Android libs to libs/android/
[INSTALL_DEPENDENCIES] + @testing-library/react-hooks@8.0.1
[INSTALL_DEPENDENCIES] + @types/bun@1.3.14
[INSTALL_DEPENDENCIES] + @types/node@26.2.0
[INSTALL_DEPENDENCIES] + @types/react@19.2.18
[INSTALL_DEPENDENCIES] + eslint@8.57.1
[INSTALL_DEPENDENCIES] + eslint-config-expo@57.0.1
[INSTALL_DEPENDENCIES] + eslint-config-prettier@10.1.8
[INSTALL_DEPENDENCIES] + prettier@3.9.6
[INSTALL_DEPENDENCIES] + react-test-renderer@19.2.8
[INSTALL_DEPENDENCIES] + typescript@6.0.3
[INSTALL_DEPENDENCIES] + @amplitude/analytics-react-native@1.6.8
[INSTALL_DEPENDENCIES] + @clerk/clerk-expo@2.20.0
[INSTALL_DEPENDENCIES] + @expo/ui@57.0.10
[INSTALL_DEPENDENCIES] + @hookform/resolvers@5.7.1
[INSTALL_DEPENDENCIES] + @react-native-community/datetimepicker@9.1.0
[INSTALL_DEPENDENCIES] + @react-native-community/netinfo@12.0.1
[INSTALL_DEPENDENCIES] + @sentry/react-native@7.11.0
[INSTALL_DEPENDENCIES] + @shopify/react-native-skia@2.6.2
[INSTALL_DEPENDENCIES] + @tamagui/config@2.7.4
[INSTALL_DEPENDENCIES] + @tamagui/core@2.7.4
[INSTALL_DEPENDENCIES] + @tamagui/toast@2.7.4
[INSTALL_DEPENDENCIES] + convex@1.43.0
[INSTALL_DEPENDENCIES] + expo@57.0.12
[INSTALL_DEPENDENCIES] + expo-asset@57.0.10
[INSTALL_DEPENDENCIES] + expo-audio@57.0.3
[INSTALL_DEPENDENCIES] + expo-auth-session@57.0.6
[INSTALL_DEPENDENCIES] + expo-constants@57.0.10
[INSTALL_DEPENDENCIES] + expo-dev-client@57.0.11
[INSTALL_DEPENDENCIES] + expo-device@57.0.1
[INSTALL_DEPENDENCIES] + expo-font@57.0.1
[INSTALL_DEPENDENCIES] + expo-glass-effect@57.0.1
[INSTALL_DEPENDENCIES] + expo-haptics@57.0.1
[INSTALL_DEPENDENCIES] + expo-image@57.0.2
[INSTALL_DEPENDENCIES] + expo-linking@57.0.5
[INSTALL_DEPENDENCIES] + expo-localization@57.0.1
[INSTALL_DEPENDENCIES] + expo-notifications@57.0.10
[INSTALL_DEPENDENCIES] + expo-router@57.0.12
[INSTALL_DEPENDENCIES] + expo-secure-store@57.0.1
[INSTALL_DEPENDENCIES] + expo-splash-screen@57.0.6
[INSTALL_DEPENDENCIES] + expo-status-bar@57.0.1
[INSTALL_DEPENDENCIES] + expo-symbols@57.0.2
[INSTALL_DEPENDENCIES] + expo-system-ui@57.0.2
[INSTALL_DEPENDENCIES] + expo-web-browser@57.0.2
[INSTALL_DEPENDENCIES] + i18next@26.3.6
[INSTALL_DEPENDENCIES] + lucide-react-native@1.31.0
[INSTALL_DEPENDENCIES] + react@19.2.3
[INSTALL_DEPENDENCIES] + react-dom@19.2.3
[INSTALL_DEPENDENCIES] + react-hook-form@7.85.0
[INSTALL_DEPENDENCIES] + react-i18next@17.0.11
[INSTALL_DEPENDENCIES] + react-native@0.86.2
[INSTALL_DEPENDENCIES] + react-native-gesture-handler@2.32.0
[INSTALL_DEPENDENCIES] + react-native-mmkv@4.3.2
[INSTALL_DEPENDENCIES] + react-native-nitro-modules@0.36.5
[INSTALL_DEPENDENCIES] + react-native-purchases@10.7.0
[INSTALL_DEPENDENCIES] + react-native-purchases-ui@10.7.0
[INSTALL_DEPENDENCIES] + react-native-reanimated@4.5.1
[INSTALL_DEPENDENCIES] + react-native-safe-area-context@5.7.0
[INSTALL_DEPENDENCIES] + react-native-screens@4.26.2
[INSTALL_DEPENDENCIES] + react-native-svg@15.15.4
[INSTALL_DEPENDENCIES] + react-native-web@0.21.2
[INSTALL_DEPENDENCIES] + react-native-worklets@0.10.1
[INSTALL_DEPENDENCIES] + tamagui@2.7.4
[INSTALL_DEPENDENCIES] + victory-native@41.26.0
[INSTALL_DEPENDENCIES] + zod@4.4.3
[INSTALL_DEPENDENCIES] + zustand@5.0.14
[INSTALL_DEPENDENCIES] 
[INSTALL_DEPENDENCIES] 1268 packages installed [8.83s]
The NODE_ENV environment variable is required but was not specified. Ensure the project is bundled with Expo CLI or NODE_ENV is set.
Proceeding without mode-specific .env
[READ_APP_CONFIG] Using app configuration:
[READ_APP_CONFIG] {
  "name": "Hızlı Okuma: Egzersizler ve Gelişim",
  "slug": "hizli-okuma",
  "version": "1.0.0",
  "orientation": "portrait",
  "icon": "./assets/images/icon.png",
  "scheme": "hizliokuma",
  "userInterfaceStyle": "automatic",
  "android": {
    "adaptiveIcon": {
      "backgroundColor": "#E4F8EE",
      "foregroundImage": "./assets/images/android-icon-foreground.png",
      "backgroundImage": "./assets/images/android-icon-background.png",
      "monochromeImage": "./assets/images/android-icon-monochrome.png"
    },
    "predictiveBackGestureEnabled": false,
    "package": "com.dukeemree.hizliokuma",
    "versionCode": 1,
    "permissions": [
      "android.permission.INTERNET",
      "android.permission.ACCESS_NETWORK_STATE",
      "com.android.vending.BILLING",
      "android.permission.MODIFY_AUDIO_SETTINGS",
      "android.permission.POST_NOTIFICATIONS",
      "android.permission.RECORD_AUDIO",
      "android.permission.FOREGROUND_SERVICE",
      "android.permission.FOREGROUND_SERVICE_MEDIA_PLAYBACK"
    ],
    "blockedPermissions": [
      "android.permission.SYSTEM_ALERT_WINDOW",
      "android.permission.RECORD_AUDIO",
      "android.permission.FOREGROUND_SERVICE",
      "android.permission.FOREGROUND_SERVICE_MEDIA_PLAYBACK"
    ]
  },
  "web": {
    "output": "static",
    "favicon": "./assets/images/favicon.png"
  },
  "plugins": [
    "expo-router",
    [
      "expo-splash-screen",
      {
        "backgroundColor": "#2DBE73",
        "image": "./assets/images/splash-icon.png",
        "imageWidth": 76
      }
    ],
    "@sentry/react-native",
    "expo-audio",
    [
      "expo-notifications",
      {
        "icon": "./assets/images/icon.png",
        "color": "#2DBE73"
      }
    ],
    "@react-native-community/datetimepicker",
    [
      "@sentry/react-native/expo",
      {
        "organization": "react-native-duke",
        "project": "hizli-okuma-app"
      }
    ],
    "expo-asset"
  ],
  "experiments": {
    "typedRoutes": true,
    "reactCompiler": true
  },
  "extra": {
    "router": {},
    "eas": {
      "projectId": "6e8675f6-36b8-4d11-ba8a-3fe4efb3d63d"
    }
  },
  "ios": {
    "bundleIdentifier": "com.dukeemree.hizliokuma"
  },
  "sdkVersion": "57.0.0",
  "platforms": [
    "ios",
    "android",
    "web"
  ]
}
[RUN_EXPO_DOCTOR] Running "expo doctor"
[RUN_EXPO_DOCTOR] Running 20 checks on your project...
[RUN_EXPO_DOCTOR] 20/20 checks passed. No issues detected!
[PREBUILD] [33m› [1m[@sentry/react-native/expo][22m Missing config for [1morganization, project[22m. Environment variables will be used as a fallback during the build. https://docs.sentry.io/platforms/react-native/manual-setup/[0m
[PREBUILD] - Creating native directory (./android)
[PREBUILD] ✔ Created native directory
[PREBUILD] - Updating package.json
[PREBUILD] › Using react-native@0.86.2 instead of recommended react-native@0.86.0.
[PREBUILD] - Updating package.json
[PREBUILD] ✔ Updated package.json | no changes
[PREBUILD] - Running prebuild
[PREBUILD] ✔ Finished prebuild
[PREBUILD] Running "bun install" in /tmp/emre/eas-build-local-nodejs/315c31c7-5049-4f6e-a6ac-1b06071346d8/build directory
[PREBUILD] bun install v1.3.14-canary.1 (0d9b296a)
[PREBUILD] 
[PREBUILD] $ bunx install-skia
[PREBUILD] -- Skia iOS package: /tmp/emre/eas-build-local-nodejs/315c31c7-5049-4f6e-a6ac-1b06071346d8/build/node_modules/react-native-skia-apple-ios
[PREBUILD] -- Skia macOS package: /tmp/emre/eas-build-local-nodejs/315c31c7-5049-4f6e-a6ac-1b06071346d8/build/node_modules/react-native-skia-apple-macos
[PREBUILD] -- Skia tvOS package: /tmp/emre/eas-build-local-nodejs/315c31c7-5049-4f6e-a6ac-1b06071346d8/build/node_modules/react-native-skia-apple-tvos
[PREBUILD] -- Copied Apple xcframeworks to libs/
[PREBUILD] -- Skia Android package: /tmp/emre/eas-build-local-nodejs/315c31c7-5049-4f6e-a6ac-1b06071346d8/build/node_modules/react-native-skia-android
[PREBUILD] -- Copied Android libs to libs/android/
[PREBUILD] Checked 1459 installs across 1335 packages (no changes) [627.00ms]
[RESTORE_CACHE] Local builds do not support restoring cache
[PREPARE_CREDENTIALS] Writing secrets to the project's directory
[PREPARE_CREDENTIALS] Injecting signing config into build.gradle
[PREPARE_CREDENTIALS] Signing config injected
[CONFIGURE_ANDROID_VERSION] Injecting version config into build.gradle
[CONFIGURE_ANDROID_VERSION] Version code: 2
[CONFIGURE_ANDROID_VERSION] Version config injected
[EAGER_BUNDLE] [33m› [1m[@sentry/react-native/expo][22m Missing config for [1morganization, project[22m. Environment variables will be used as a fallback during the build. https://docs.sentry.io/platforms/react-native/manual-setup/[0m
[EAGER_BUNDLE] Using src/app as the root directory for Expo Router.
[EAGER_BUNDLE] React Compiler enabled
[EAGER_BUNDLE] Starting Metro Bundler
[EAGER_BUNDLE] Android Bundled 20279ms node_modules/expo-router/entry.js (5941 modules)
[EAGER_BUNDLE] Writing bundle output to: /tmp/i89w15rs9ko/index.js
[EAGER_BUNDLE] Copying 32 asset files
[EAGER_BUNDLE] Done writing bundle output
[RUN_GRADLEW] Running 'gradlew :app:assembleRelease' in /tmp/emre/eas-build-local-nodejs/315c31c7-5049-4f6e-a6ac-1b06071346d8/build/android
[RUN_GRADLEW] Starting a Gradle Daemon, 1 stopped Daemon could not be reused, use --status for details
[RUN_GRADLEW] > Task :gradle-plugin:shared:checkKotlinGradlePluginConfigurationErrors SKIPPED
[RUN_GRADLEW] > Task :gradle-plugin:settings-plugin:checkKotlinGradlePluginConfigurationErrors SKIPPED
[RUN_GRADLEW] > Task :expo-gradle-plugin:expo-autolinking-plugin-shared:checkKotlinGradlePluginConfigurationErrors SKIPPED
[RUN_GRADLEW] > Task :expo-gradle-plugin:expo-autolinking-settings-plugin:checkKotlinGradlePluginConfigurationErrors SKIPPED
[RUN_GRADLEW] > Task :gradle-plugin:settings-plugin:pluginDescriptors
[RUN_GRADLEW] > Task :expo-gradle-plugin:expo-autolinking-settings-plugin:pluginDescriptors
[RUN_GRADLEW] > Task :expo-gradle-plugin:expo-autolinking-settings-plugin:processResources
[RUN_GRADLEW] > Task :gradle-plugin:settings-plugin:processResources
[RUN_GRADLEW] > Task :gradle-plugin:shared:processResources NO-SOURCE
[RUN_GRADLEW] > Task :expo-gradle-plugin:expo-autolinking-plugin-shared:processResources NO-SOURCE
[RUN_GRADLEW] > Task :gradle-plugin:shared:compileKotlin
[RUN_GRADLEW] > Task :gradle-plugin:shared:compileJava NO-SOURCE
[RUN_GRADLEW] > Task :gradle-plugin:shared:classes UP-TO-DATE
[RUN_GRADLEW] > Task :gradle-plugin:shared:jar
[RUN_GRADLEW] > Task :expo-gradle-plugin:expo-autolinking-plugin-shared:compileKotlin
[RUN_GRADLEW] > Task :expo-gradle-plugin:expo-autolinking-plugin-shared:compileJava NO-SOURCE
[RUN_GRADLEW] > Task :expo-gradle-plugin:expo-autolinking-plugin-shared:classes UP-TO-DATE
[RUN_GRADLEW] > Task :expo-gradle-plugin:expo-autolinking-plugin-shared:jar
[RUN_GRADLEW] > Task :gradle-plugin:settings-plugin:compileKotlin
[RUN_GRADLEW] > Task :gradle-plugin:settings-plugin:compileJava NO-SOURCE
[RUN_GRADLEW] > Task :gradle-plugin:settings-plugin:classes
[RUN_GRADLEW] > Task :gradle-plugin:settings-plugin:jar
[RUN_GRADLEW] > Task :expo-gradle-plugin:expo-autolinking-settings-plugin:compileKotlin
[RUN_GRADLEW] > Task :expo-gradle-plugin:expo-autolinking-settings-plugin:compileJava NO-SOURCE
[RUN_GRADLEW] > Task :expo-gradle-plugin:expo-autolinking-settings-plugin:classes
[RUN_GRADLEW] > Task :expo-gradle-plugin:expo-autolinking-settings-plugin:jar
[RUN_GRADLEW] > Task :expo-gradle-plugin:expo-max-sdk-override-plugin:checkKotlinGradlePluginConfigurationErrors SKIPPED
[RUN_GRADLEW] > Task :expo-gradle-plugin:expo-autolinking-plugin:checkKotlinGradlePluginConfigurationErrors SKIPPED
[RUN_GRADLEW] > Task :expo-dev-launcher-gradle-plugin:checkKotlinGradlePluginConfigurationErrors SKIPPED
[RUN_GRADLEW] > Task :gradle-plugin:react-native-gradle-plugin:checkKotlinGradlePluginConfigurationErrors SKIPPED
[RUN_GRADLEW] > Task :expo-module-gradle-plugin:checkKotlinGradlePluginConfigurationErrors SKIPPED
[RUN_GRADLEW] > Task :expo-module-gradle-plugin:pluginDescriptors
[RUN_GRADLEW] > Task :expo-dev-launcher-gradle-plugin:pluginDescriptors
[RUN_GRADLEW] > Task :expo-dev-launcher-gradle-plugin:processResources
[RUN_GRADLEW] > Task :expo-module-gradle-plugin:processResources
[RUN_GRADLEW] > Task :expo-gradle-plugin:expo-max-sdk-override-plugin:pluginDescriptors
[RUN_GRADLEW] > Task :expo-gradle-plugin:expo-autolinking-plugin:pluginDescriptors
[RUN_GRADLEW] > Task :expo-gradle-plugin:expo-max-sdk-override-plugin:processResources
[RUN_GRADLEW] > Task :expo-gradle-plugin:expo-autolinking-plugin:processResources
[RUN_GRADLEW] > Task :gradle-plugin:react-native-gradle-plugin:pluginDescriptors
[RUN_GRADLEW] > Task :gradle-plugin:react-native-gradle-plugin:processResources
[RUN_GRADLEW] > Task :expo-gradle-plugin:expo-max-sdk-override-plugin:compileKotlin
[RUN_GRADLEW] > Task :expo-gradle-plugin:expo-max-sdk-override-plugin:compileJava NO-SOURCE
[RUN_GRADLEW] > Task :expo-gradle-plugin:expo-max-sdk-override-plugin:classes
[RUN_GRADLEW] > Task :expo-gradle-plugin:expo-max-sdk-override-plugin:jar
[RUN_GRADLEW] > Task :expo-gradle-plugin:expo-autolinking-plugin:compileKotlin
[RUN_GRADLEW] > Task :expo-gradle-plugin:expo-autolinking-plugin:compileJava NO-SOURCE
[RUN_GRADLEW] > Task :expo-gradle-plugin:expo-autolinking-plugin:classes
[RUN_GRADLEW] > Task :expo-gradle-plugin:expo-autolinking-plugin:jar
[RUN_GRADLEW] > Task :gradle-plugin:react-native-gradle-plugin:compileKotlin
[RUN_GRADLEW] > Task :gradle-plugin:react-native-gradle-plugin:compileJava NO-SOURCE
[RUN_GRADLEW] > Task :gradle-plugin:react-native-gradle-plugin:classes
[RUN_GRADLEW] > Task :gradle-plugin:react-native-gradle-plugin:jar
[RUN_GRADLEW] > Task :expo-dev-launcher-gradle-plugin:compileKotlin
[RUN_GRADLEW] > Task :expo-dev-launcher-gradle-plugin:compileJava
[RUN_GRADLEW] NO-SOURCE
[RUN_GRADLEW] > Task :expo-dev-launcher-gradle-plugin:classes
[RUN_GRADLEW] > Task :expo-dev-launcher-gradle-plugin:jar
[RUN_GRADLEW] > Task :expo-module-gradle-plugin:compileKotlin
[RUN_GRADLEW] w: file:///tmp/emre/eas-build-local-nodejs/315c31c7-5049-4f6e-a6ac-1b06071346d8/build/node_modules/expo-modules-core/expo-module-gradle-plugin/src/main/kotlin/expo/modules/plugin/android/AndroidLibraryExtension.kt:9:24 'var targetSdk: Int?' is deprecated. Will be removed from library DSL in v9.0. Use testOptions.targetSdk or/and lint.targetSdk instead.
[RUN_GRADLEW] > Task :expo-module-gradle-plugin:compileJava NO-SOURCE
[RUN_GRADLEW] > Task :expo-module-gradle-plugin:classes
[RUN_GRADLEW] > Task :expo-module-gradle-plugin:jar
[RUN_GRADLEW] > Configure project :
[RUN_GRADLEW] [32m[ExpoRootProject][0m Using the following versions:
[RUN_GRADLEW]   - buildTools:  [32m36.0.0[0m
[RUN_GRADLEW]   - minSdk:      [32m24[0m
[RUN_GRADLEW]   - compileSdk:  [32m36[0m
[RUN_GRADLEW]   - targetSdk:   [32m36[0m
[RUN_GRADLEW]   - ndk:         [32m27.1.12297006[0m
[RUN_GRADLEW]   - kotlin:      [32m2.1.20[0m
[RUN_GRADLEW]   - ksp:         [32m2.1.20-2.0.1[0m
[RUN_GRADLEW] > Configure project :app
[RUN_GRADLEW]  ℹ️  [33mApplying gradle plugin[0m '[32mexpo-max-sdk-override-plugin[0m'
[RUN_GRADLEW] [expo-max-sdk-override-plugin] This plugin will find all permissions declared with `android:maxSdkVersion`. If there exists a declaration with the `android:maxSdkVersion` annotation and another one without, the plugin will remove the annotation from the final merged manifest. In order to see a log with the changes run a clean build of the app.
[RUN_GRADLEW]  ℹ️  [33mApplying gradle plugin[0m '[32mexpo-dev-launcher-gradle-plugin[0m'
[RUN_GRADLEW] > Configure project :expo
[RUN_GRADLEW] Using expo modules
[RUN_GRADLEW]   - [32mexpo-log-box[0m (57.0.2)
[RUN_GRADLEW]   - [32mexpo-constants[0m (57.0.10)
[RUN_GRADLEW]   - [32mexpo-dev-client[0m (57.0.11)
[RUN_GRADLEW]   - [32mexpo-dev-launcher[0m (57.0.11)
[RUN_GRADLEW] - [32mexpo-dev-menu[0m (57.0.11)
[RUN_GRADLEW] - [32mexpo-dev-menu-interface[0m (57.0.0)
[RUN_GRADLEW] - [32mexpo-json-utils[0m (57.0.1)
[RUN_GRADLEW] - [32mexpo-manifests[0m (57.0.1)
[RUN_GRADLEW] > Configure project :expo-modules-core
[RUN_GRADLEW] Linking react-native-worklets native libs into expo-modules-core build tasks
[RUN_GRADLEW] task ':react-native-worklets:mergeDebugNativeLibs'
[RUN_GRADLEW] task ':react-native-worklets:mergeReleaseNativeLibs'
[RUN_GRADLEW] > Configure project :expo
[RUN_GRADLEW] - [32mexpo-modules-core[0m (57.0.10)
[RUN_GRADLEW]   - [32mexpo-updates-interface[0m (57.0.1)
[RUN_GRADLEW]   - [33m[📦][0m [32mexpo-dom-webview[0m (57.0.1)
[RUN_GRADLEW]   - [33m[📦][0m [32mexpo-ui[0m (57.0.10)
[RUN_GRADLEW]   - [33m[📦][0m [32mexpo-application[0m (57.0.2)
[RUN_GRADLEW]   - [33m[📦][0m [32mexpo-asset[0m (57.0.10)
[RUN_GRADLEW]   - [33m[📦][0m [32mexpo-audio[0m (57.0.3)
[RUN_GRADLEW]   - [33m[📦][0m [32mexpo-crypto[0m (57.0.1)
[RUN_GRADLEW]   - [33m[📦][0m [32mexpo-device[0m (57.0.1)
[RUN_GRADLEW]   - [33m[📦][0m [32mexpo-file-system[0m (57.0.2)
[RUN_GRADLEW] - [33m[📦][0m [32mexpo-font[0m (57.0.1)
[RUN_GRADLEW]   - [33m[📦][0m [32mexpo-haptics[0m (57.0.1)
[RUN_GRADLEW]   - [33m[📦][0m [32mexpo-image[0m (57.0.2)
[RUN_GRADLEW]   - [33m[📦][0m [32mexpo-keep-awake[0m (57.0.1)
[RUN_GRADLEW]   - [33m[📦][0m [32mexpo-linking[0m (57.0.5)
[RUN_GRADLEW]   - [33m[📦][0m [32mexpo-localization[0m (57.0.1)
[RUN_GRADLEW]   - [33m[📦][0m [32mexpo-notifications[0m (57.0.10)
[RUN_GRADLEW]   - [33m[📦][0m [32mexpo-router[0m (57.0.12)
[RUN_GRADLEW]   - [33m[📦][0m [32mexpo-secure-store[0m (57.0.1)
[RUN_GRADLEW] - [33m[📦][0m [32mexpo-splash-screen[0m (57.0.6)
[RUN_GRADLEW]   - [33m[📦][0m [32mexpo-status-bar[0m (57.0.1)
[RUN_GRADLEW]   - [33m[📦][0m [32mexpo-system-ui[0m (57.0.2)
[RUN_GRADLEW]   - [33m[📦][0m [32mexpo-web-browser[0m (57.0.2)
[RUN_GRADLEW] > Configure project :react-native-mmkv
[RUN_GRADLEW] [NitroModules] 🔥 NitroMmkv is boosted by nitro!
[RUN_GRADLEW] > Configure project :react-native-nitro-modules
[RUN_GRADLEW] [NitroModules] 🔥 Your app is boosted by nitro modules!
[RUN_GRADLEW] > Configure project :shopify_react-native-skia
[RUN_GRADLEW] react-native-skia: SK_GRAPHITE: false
[RUN_GRADLEW] react-native-skia: Skia libs: /tmp/emre/eas-build-local-nodejs/315c31c7-5049-4f6e-a6ac-1b06071346d8/build/node_modules/@shopify/react-native-skia/android/../libs/android
[RUN_GRADLEW] react-native-skia: node_modules/ found at: /tmp/emre/eas-build-local-nodejs/315c31c7-5049-4f6e-a6ac-1b06071346d8/build/node_modules
[RUN_GRADLEW] react-native-skia: RN Version: 86 / 0.86.2
[RUN_GRADLEW] react-native-skia: isSourceBuild: false
[RUN_GRADLEW] react-native-skia: PrebuiltDir: /tmp/emre/eas-build-local-nodejs/315c31c7-5049-4f6e-a6ac-1b06071346d8/build/node_modules/@shopify/react-native-skia/android/build/react-native-0*/jni
[RUN_GRADLEW] react-native-skia: buildType: release
[RUN_GRADLEW] react-native-skia: buildDir: /tmp/emre/eas-build-local-nodejs/315c31c7-5049-4f6e-a6ac-1b06071346d8/build/node_modules/@shopify/react-native-skia/android/build
[RUN_GRADLEW] react-native-skia: node_modules: /tmp/emre/eas-build-local-nodejs/315c31c7-5049-4f6e-a6ac-1b06071346d8/build/node_modules
[RUN_GRADLEW] react-native-skia: Enable Prefab: true
[RUN_GRADLEW] react-native-skia: aar state post 70, do nothing
[RUN_GRADLEW] > Task :expo-dev-launcher:preBuild UP-TO-DATE
[RUN_GRADLEW] > Task :expo-dev-menu:preBuild UP-TO-DATE
[RUN_GRADLEW] > Task :expo-manifests:preBuild UP-TO-DATE
[RUN_GRADLEW] > Task :expo-dev-client:preBuild UP-TO-DATE
[RUN_GRADLEW] > Task :expo-dev-menu-interface:preBuild UP-TO-DATE
[RUN_GRADLEW] > Task :expo-json-utils:preBuild UP-TO-DATE
[RUN_GRADLEW] > Task :expo-modules-core:preBuild UP-TO-DATE
[RUN_GRADLEW] > Task :expo-updates-interface:preBuild UP-TO-DATE
[RUN_GRADLEW] > Task :expo-log-box:preBuild UP-TO-DATE
[RUN_GRADLEW] > Task :react-native-masked-view_masked-view:preBuild UP-TO-DATE
[RUN_GRADLEW] > Task :react-native-purchases:preBuild UP-TO-DATE
[RUN_GRADLEW] > Task :expo:generatePackagesList
[RUN_GRADLEW] > Task :expo:preBuild
[RUN_GRADLEW] > Task :app:generateAutolinkingNewArchitectureFiles
[RUN_GRADLEW] > Task :app:generateAutolinkingPackageList
[RUN_GRADLEW] > Task :app:generateCodegenSchemaFromJavaScript SKIPPED
[RUN_GRADLEW] > Task :app:generateCodegenArtifactsFromSchema SKIPPED
[RUN_GRADLEW] > Task :app:generateReactNativeEntryPoint
[RUN_GRADLEW] > Task :react-native-reanimated:assertMinimalReactNativeVersionTask
[RUN_GRADLEW] > Task :react-native-reanimated:assertWorkletsVersionTask
[RUN_GRADLEW] > Task :react-native-mmkv:generateCodegenSchemaFromJavaScript
[RUN_GRADLEW] No modules to process in combine-js-to-schema-cli. If this is unexpected, please check if you set up your NativeComponent correctly. See combine-js-to-schema.js for how codegen finds modules.
[RUN_GRADLEW] > Task :react-native-purchases-ui:generateCodegenSchemaFromJavaScript
[RUN_GRADLEW] > Task :react-native-async-storage_async-storage:generateCodegenSchemaFromJavaScript
[RUN_GRADLEW] > Task :amplitude_analytics-react-native:generateCodegenSchemaFromJavaScript
[RUN_GRADLEW] > Task :react-native-nitro-modules:generateCodegenSchemaFromJavaScript
[RUN_GRADLEW] > Task :react-native-gesture-handler:generateCodegenSchemaFromJavaScript
[RUN_GRADLEW] > Task :react-native-community_netinfo:generateCodegenSchemaFromJavaScript
[RUN_GRADLEW] No modules to process in combine-js-to-schema-cli. If this is unexpected, please check if you set up your NativeComponent correctly. See combine-js-to-schema.js for how codegen finds modules.
[RUN_GRADLEW] No modules to process in combine-js-to-schema-cli. If this is unexpected, please check if you set up your NativeComponent correctly. See combine-js-to-schema.js for how codegen finds modules.
[RUN_GRADLEW] > Task :react-native-safe-area-context:generateCodegenSchemaFromJavaScript
[RUN_GRADLEW] > Task :react-native-community_datetimepicker:generateCodegenSchemaFromJavaScript
[RUN_GRADLEW] > Task :react-native-screens:generateCodegenSchemaFromJavaScript
[RUN_GRADLEW] > Task :expo-constants:createExpoConfig
[RUN_GRADLEW] > Task :expo-constants:preBuild
[RUN_GRADLEW] The NODE_ENV environment variable is required but was not specified. Ensure the project is bundled with Expo CLI or NODE_ENV is set. Using only .env.local and .env
[RUN_GRADLEW] [33m› [1m[@sentry/react-native/expo][22m Missing config for [1morganization, project[22m. Environment variables will be used as a fallback during the build. https://docs.sentry.io/platforms/react-native/manual-setup/[0m
[RUN_GRADLEW] > Task :react-native-reanimated:generateCodegenSchemaFromJavaScript
[RUN_GRADLEW] > Task :react-native-async-storage_async-storage:generateCodegenArtifactsFromSchema
[RUN_GRADLEW] > Task :react-native-async-storage_async-storage:preBuild
[RUN_GRADLEW] > Task :react-native-mmkv:generateCodegenArtifactsFromSchema
[RUN_GRADLEW] > Task :react-native-mmkv:preBuild
[RUN_GRADLEW] > Task :react-native-purchases-ui:generateCodegenArtifactsFromSchema
[RUN_GRADLEW] > Task :react-native-purchases-ui:preBuild
[RUN_GRADLEW] > Task :react-native-gesture-handler:generateCodegenArtifactsFromSchema
[RUN_GRADLEW] > Task :react-native-gesture-handler:preBuild
[RUN_GRADLEW] > Task :amplitude_analytics-react-native:generateCodegenArtifactsFromSchema
[RUN_GRADLEW] > Task :amplitude_analytics-react-native:preBuild
[RUN_GRADLEW] > Task :amplitude_analytics-react-native:preReleaseBuild
[RUN_GRADLEW] > Task :react-native-worklets:assertMinimalReactNativeVersionTask
[RUN_GRADLEW] > Task :react-native-safe-area-context:generateCodegenArtifactsFromSchema
[RUN_GRADLEW] > Task :react-native-safe-area-context:preBuild
[RUN_GRADLEW] > Task :expo:preReleaseBuild
[RUN_GRADLEW] > Task :react-native-community_netinfo:generateCodegenArtifactsFromSchema
[RUN_GRADLEW] > Task :react-native-community_netinfo:preBuild
[RUN_GRADLEW] > Task :expo-constants:preReleaseBuild
[RUN_GRADLEW] > Task :react-native-nitro-modules:generateCodegenArtifactsFromSchema
[RUN_GRADLEW] > Task :react-native-community_datetimepicker:generateCodegenArtifactsFromSchema
[RUN_GRADLEW] > Task :react-native-community_datetimepicker:preBuild
[RUN_GRADLEW] > Task :expo-dev-client:preReleaseBuild UP-TO-DATE
[RUN_GRADLEW] > Task :react-native-screens:generateCodegenArtifactsFromSchema
[RUN_GRADLEW] > Task :react-native-screens:preBuild
[RUN_GRADLEW] > Task :expo-dev-launcher:preReleaseBuild UP-TO-DATE
[RUN_GRADLEW] > Task :expo-constants:mergeReleaseJniLibFolders
[RUN_GRADLEW] > Task :amplitude_analytics-react-native:mergeReleaseJniLibFolders
[RUN_GRADLEW] > Task :expo:mergeReleaseJniLibFolders
[RUN_GRADLEW] > Task :expo-dev-client:mergeReleaseJniLibFolders
[RUN_GRADLEW] > Task :expo-dev-launcher:mergeReleaseJniLibFolders
[RUN_GRADLEW] > Task :amplitude_analytics-react-native:mergeReleaseNativeLibs NO-SOURCE
[RUN_GRADLEW] > Task :expo:mergeReleaseNativeLibs NO-SOURCE
[RUN_GRADLEW] > Task :expo-constants:mergeReleaseNativeLibs NO-SOURCE
[RUN_GRADLEW] > Task :react-native-reanimated:generateCodegenArtifactsFromSchema
[RUN_GRADLEW] > Task :expo-dev-launcher:mergeReleaseNativeLibs NO-SOURCE
[RUN_GRADLEW] > Task :expo-dev-client:mergeReleaseNativeLibs NO-SOURCE
[RUN_GRADLEW] > Task :react-native-svg:generateCodegenSchemaFromJavaScript
[RUN_GRADLEW] > Task :expo-dev-client:copyReleaseJniLibsProjectOnly
[RUN_GRADLEW] > Task :expo-dev-menu:preReleaseBuild UP-TO-DATE
[RUN_GRADLEW] > Task :expo:copyReleaseJniLibsProjectOnly
[RUN_GRADLEW] > Task :expo-dev-menu-interface:preReleaseBuild UP-TO-DATE
[RUN_GRADLEW] > Task :amplitude_analytics-react-native:copyReleaseJniLibsProjectOnly
[RUN_GRADLEW] > Task :expo-constants:copyReleaseJniLibsProjectOnly
[RUN_GRADLEW] > Task :expo-dev-launcher:copyReleaseJniLibsProjectOnly
[RUN_GRADLEW] > Task :expo-log-box:preReleaseBuild UP-TO-DATE
[RUN_GRADLEW] > Task :expo-json-utils:preReleaseBuild UP-TO-DATE
[RUN_GRADLEW] > Task :expo-manifests:preReleaseBuild UP-TO-DATE
[RUN_GRADLEW] > Task :expo-log-box:mergeReleaseJniLibFolders
[RUN_GRADLEW] > Task :expo-json-utils:mergeReleaseJniLibFolders
[RUN_GRADLEW] > Task :expo-dev-menu:mergeReleaseJniLibFolders
[RUN_GRADLEW] > Task :expo-dev-menu-interface:mergeReleaseJniLibFolders
[RUN_GRADLEW] > Task :expo-manifests:mergeReleaseJniLibFolders
[RUN_GRADLEW] > Task :expo-dev-menu:mergeReleaseNativeLibs NO-SOURCE
[RUN_GRADLEW] > Task :expo-dev-menu-interface:mergeReleaseNativeLibs
[RUN_GRADLEW] NO-SOURCE
[RUN_GRADLEW] > Task :expo-log-box:mergeReleaseNativeLibs NO-SOURCE
[RUN_GRADLEW] > Task :expo-json-utils:mergeReleaseNativeLibs NO-SOURCE
[RUN_GRADLEW] > Task :expo-manifests:mergeReleaseNativeLibs NO-SOURCE
[RUN_GRADLEW] > Task :react-native-worklets:generateCodegenSchemaFromJavaScript
[RUN_GRADLEW] > Task :shopify_react-native-skia:generateCodegenSchemaFromJavaScript
[RUN_GRADLEW] > Task :solana-mobile_mobile-wallet-adapter-protocol:generateCodegenSchemaFromJavaScript
[RUN_GRADLEW] > Task :expo-json-utils:copyReleaseJniLibsProjectOnly
[RUN_GRADLEW] > Task :expo-modules-core:preReleaseBuild UP-TO-DATE
[RUN_GRADLEW] > Task :expo-dev-menu-interface:copyReleaseJniLibsProjectOnly
[RUN_GRADLEW] > Task :expo-log-box:copyReleaseJniLibsProjectOnly
[RUN_GRADLEW] > Task :expo-manifests:copyReleaseJniLibsProjectOnly
[RUN_GRADLEW] > Task :sentry_react-native:generateCodegenSchemaFromJavaScript
[RUN_GRADLEW] > Task :react-native-nitro-modules:prepareHeaders
[RUN_GRADLEW] > Task :expo-updates-interface:preReleaseBuild UP-TO-DATE
[RUN_GRADLEW] > Task :react-native-nitro-modules:preBuild
[RUN_GRADLEW] > Task :react-native-nitro-modules:preReleaseBuild
[RUN_GRADLEW] > Task :react-native-async-storage_async-storage:preReleaseBuild
[RUN_GRADLEW] > Task :react-native-community_datetimepicker:preReleaseBuild
[RUN_GRADLEW] > Task :expo-dev-menu:copyReleaseJniLibsProjectOnly
[RUN_GRADLEW] > Task :react-native-community_netinfo:preReleaseBuild
[RUN_GRADLEW] > Task :react-native-async-storage_async-storage:mergeReleaseJniLibFolders
[RUN_GRADLEW] > Task :expo-modules-core:mergeReleaseJniLibFolders
[RUN_GRADLEW] > Task :react-native-gesture-handler:preReleaseBuild
[RUN_GRADLEW] > Task :expo-updates-interface:mergeReleaseJniLibFolders
[RUN_GRADLEW] > Task :react-native-community_datetimepicker:mergeReleaseJniLibFolders
[RUN_GRADLEW] > Task :react-native-async-storage_async-storage:mergeReleaseNativeLibs NO-SOURCE
[RUN_GRADLEW] > Task :react-native-community_datetimepicker:mergeReleaseNativeLibs NO-SOURCE
[RUN_GRADLEW] > Task :react-native-community_netinfo:mergeReleaseJniLibFolders
[RUN_GRADLEW] > Task :expo-updates-interface:mergeReleaseNativeLibs NO-SOURCE
[RUN_GRADLEW] > Task :react-native-gesture-handler:mergeReleaseJniLibFolders
[RUN_GRADLEW] > Task :react-native-reanimated:prepareReanimatedHeadersForPrefabs
[RUN_GRADLEW] > Task :react-native-async-storage_async-storage:copyReleaseJniLibsProjectOnly
[RUN_GRADLEW] > Task :react-native-reanimated:preBuild
[RUN_GRADLEW] > Task :react-native-masked-view_masked-view:preReleaseBuild UP-TO-DATE
[RUN_GRADLEW] > Task :react-native-mmkv:preReleaseBuild
[RUN_GRADLEW] > Task :react-native-community_netinfo:mergeReleaseNativeLibs NO-SOURCE
[RUN_GRADLEW] > Task :expo-updates-interface:copyReleaseJniLibsProjectOnly
[RUN_GRADLEW] > Task :react-native-community_datetimepicker:copyReleaseJniLibsProjectOnly
[RUN_GRADLEW] > Task :react-native-reanimated:preReleaseBuild
[RUN_GRADLEW] > Task :react-native-purchases:preReleaseBuild UP-TO-DATE
[RUN_GRADLEW] > Task :react-native-purchases-ui:preReleaseBuild
[RUN_GRADLEW] > Task :react-native-community_netinfo:copyReleaseJniLibsProjectOnly
[RUN_GRADLEW] > Task :react-native-safe-area-context:preReleaseBuild
[RUN_GRADLEW] > Task :react-native-masked-view_masked-view:mergeReleaseJniLibFolders
[RUN_GRADLEW] > Task :react-native-masked-view_masked-view:mergeReleaseNativeLibs NO-SOURCE
[RUN_GRADLEW] > Task :react-native-reanimated:mergeReleaseJniLibFolders
[RUN_GRADLEW] > Task :react-native-safe-area-context:mergeReleaseJniLibFolders
[RUN_GRADLEW] > Task :react-native-screens:preReleaseBuild
[RUN_GRADLEW] > Task :react-native-mmkv:mergeReleaseJniLibFolders
[RUN_GRADLEW] > Task :react-native-purchases-ui:mergeReleaseJniLibFolders
[RUN_GRADLEW] > Task :amplitude_analytics-react-native:checkKotlinGradlePluginConfigurationErrors SKIPPED
[RUN_GRADLEW] > Task :react-native-purchases:mergeReleaseJniLibFolders
[RUN_GRADLEW] > Task :react-native-masked-view_masked-view:copyReleaseJniLibsProjectOnly
[RUN_GRADLEW] > Task :react-native-community_datetimepicker:checkKotlinGradlePluginConfigurationErrors SKIPPED
[RUN_GRADLEW] > Task :react-native-purchases:mergeReleaseNativeLibs NO-SOURCE
[RUN_GRADLEW] > Task :react-native-purchases-ui:mergeReleaseNativeLibs NO-SOURCE
[RUN_GRADLEW] > Task :react-native-safe-area-context:mergeReleaseNativeLibs NO-SOURCE
[RUN_GRADLEW] > Task :react-native-purchases:copyReleaseJniLibsProjectOnly
[RUN_GRADLEW] > Task :react-native-purchases-ui:copyReleaseJniLibsProjectOnly
[RUN_GRADLEW] > Task :react-native-gesture-handler:checkKotlinGradlePluginConfigurationErrors SKIPPED
[RUN_GRADLEW] > Task :react-native-reanimated:checkKotlinGradlePluginConfigurationErrors SKIPPED
[RUN_GRADLEW] > Task :react-native-safe-area-context:copyReleaseJniLibsProjectOnly
[RUN_GRADLEW] > Task :react-native-mmkv:checkKotlinGradlePluginConfigurationErrors SKIPPED
[RUN_GRADLEW] > Task :react-native-community_datetimepicker:generateReleaseBuildConfig
[RUN_GRADLEW] > Task :amplitude_analytics-react-native:generateReleaseBuildConfig
[RUN_GRADLEW] > Task :react-native-gesture-handler:generateReleaseBuildConfig
[RUN_GRADLEW] > Task :react-native-mmkv:generateReleaseBuildConfig
[RUN_GRADLEW] > Task :react-native-reanimated:generateReleaseBuildConfig
[RUN_GRADLEW] > Task :react-native-community_datetimepicker:generateReleaseResValues
[RUN_GRADLEW] > Task :react-native-gesture-handler:generateReleaseResValues
[RUN_GRADLEW] > Task :amplitude_analytics-react-native:generateReleaseResValues
[RUN_GRADLEW] > Task :react-native-reanimated:generateReleaseResValues
[RUN_GRADLEW] > Task :react-native-mmkv:generateReleaseResValues
[RUN_GRADLEW] > Task :react-native-gesture-handler:generateReleaseResources
[RUN_GRADLEW] > Task :react-native-community_datetimepicker:generateReleaseResources
[RUN_GRADLEW] > Task :react-native-mmkv:generateReleaseResources
[RUN_GRADLEW] > Task :react-native-reanimated:generateReleaseResources
[RUN_GRADLEW] > Task :amplitude_analytics-react-native:generateReleaseResources
[RUN_GRADLEW] > Task :react-native-svg:generateCodegenArtifactsFromSchema
[RUN_GRADLEW] > Task :react-native-svg:preBuild
[RUN_GRADLEW] > Task :react-native-svg:preReleaseBuild
[RUN_GRADLEW] > Task :shopify_react-native-skia:generateCodegenArtifactsFromSchema
[RUN_GRADLEW] > Task :react-native-mmkv:packageReleaseResources
[RUN_GRADLEW] > Task :react-native-gesture-handler:packageReleaseResources
[RUN_GRADLEW] > Task :react-native-svg:mergeReleaseJniLibFolders
[RUN_GRADLEW] > Task :amplitude_analytics-react-native:packageReleaseResources
[RUN_GRADLEW] > Task :react-native-reanimated:packageReleaseResources
[RUN_GRADLEW] > Task :solana-mobile_mobile-wallet-adapter-protocol:generateCodegenArtifactsFromSchema
[RUN_GRADLEW] > Task :solana-mobile_mobile-wallet-adapter-protocol:preBuild
[RUN_GRADLEW] > Task :solana-mobile_mobile-wallet-adapter-protocol:preReleaseBuild
[RUN_GRADLEW] > Task :react-native-svg:mergeReleaseNativeLibs NO-SOURCE
[RUN_GRADLEW] > Task :react-native-svg:copyReleaseJniLibsProjectOnly
[RUN_GRADLEW] > Task :solana-mobile_mobile-wallet-adapter-protocol:mergeReleaseJniLibFolders
[RUN_GRADLEW] > Task :react-native-svg:generateReleaseBuildConfig
[RUN_GRADLEW] > Task :solana-mobile_mobile-wallet-adapter-protocol:mergeReleaseNativeLibs NO-SOURCE
[RUN_GRADLEW] > Task :react-native-svg:generateReleaseResValues
[RUN_GRADLEW] > Task :react-native-worklets:generateCodegenArtifactsFromSchema
[RUN_GRADLEW] > Task :solana-mobile_mobile-wallet-adapter-protocol:copyReleaseJniLibsProjectOnly
[RUN_GRADLEW] > Task :react-native-purchases-ui:checkKotlinGradlePluginConfigurationErrors SKIPPED
[RUN_GRADLEW] > Task :react-native-svg:generateReleaseResources
[RUN_GRADLEW] > Task :react-native-purchases-ui:generateReleaseBuildConfig
[RUN_GRADLEW] > Task :sentry_react-native:generateCodegenArtifactsFromSchema
[RUN_GRADLEW] > Task :sentry_react-native:preBuild
[RUN_GRADLEW] > Task :sentry_react-native:preReleaseBuild
[RUN_GRADLEW] > Task :react-native-purchases-ui:generateReleaseResValues
[RUN_GRADLEW] > Task :react-native-svg:packageReleaseResources
[RUN_GRADLEW] > Task :react-native-purchases-ui:generateReleaseResources
[RUN_GRADLEW] > Task :sentry_react-native:mergeReleaseJniLibFolders
[RUN_GRADLEW] > Task :react-native-purchases-ui:packageReleaseResources
[RUN_GRADLEW] > Task :sentry_react-native:mergeReleaseNativeLibs NO-SOURCE
[RUN_GRADLEW] > Task :sentry_react-native:copyReleaseJniLibsProjectOnly
[RUN_GRADLEW] > Task :react-native-safe-area-context:checkKotlinGradlePluginConfigurationErrors SKIPPED
[RUN_GRADLEW] > Task :react-native-worklets:prepareWorkletsHeadersForPrefabs
[RUN_GRADLEW] > Task :react-native-worklets:preBuild
[RUN_GRADLEW] > Task :react-native-worklets:preReleaseBuild
[RUN_GRADLEW] > Task :react-native-safe-area-context:generateReleaseBuildConfig
[RUN_GRADLEW] > Task :react-native-community_datetimepicker:packageReleaseResources
[RUN_GRADLEW] > Task :amplitude_analytics-react-native:javaPreCompileRelease
[RUN_GRADLEW] > Task :react-native-reanimated:javaPreCompileRelease
[RUN_GRADLEW] > Task :react-native-community_datetimepicker:javaPreCompileRelease
[RUN_GRADLEW] > Task :react-native-svg:javaPreCompileRelease
[RUN_GRADLEW] > Task :react-native-gesture-handler:javaPreCompileRelease
[RUN_GRADLEW] > Task :react-native-mmkv:javaPreCompileRelease
[RUN_GRADLEW] > Task :react-native-purchases-ui:javaPreCompileRelease
[RUN_GRADLEW] > Task :react-native-safe-area-context:generateReleaseResValues
[RUN_GRADLEW] > Task :react-native-safe-area-context:generateReleaseResources
[RUN_GRADLEW] > Task :react-native-safe-area-context:packageReleaseResources
[RUN_GRADLEW] > Task :amplitude_analytics-react-native:parseReleaseLocalResources
[RUN_GRADLEW] > Task :react-native-svg:parseReleaseLocalResources
[RUN_GRADLEW] > Task :react-native-purchases-ui:parseReleaseLocalResources
[RUN_GRADLEW] > Task :react-native-mmkv:parseReleaseLocalResources
[RUN_GRADLEW] > Task :react-native-safe-area-context:parseReleaseLocalResources
[RUN_GRADLEW] > Task :react-native-gesture-handler:parseReleaseLocalResources
[RUN_GRADLEW] > Task :react-native-purchases-ui:generateReleaseRFile
[RUN_GRADLEW] > Task :react-native-svg:generateReleaseRFile
[RUN_GRADLEW] > Task :react-native-safe-area-context:generateReleaseRFile
[RUN_GRADLEW] > Task :shopify_react-native-skia:prepareHeaders
[RUN_GRADLEW] > Task :shopify_react-native-skia:preBuild
[RUN_GRADLEW] > Task :app:preBuild
[RUN_GRADLEW] > Task :app:preReleaseBuild
[RUN_GRADLEW] > Task :shopify_react-native-skia:extractAARHeaders
[RUN_GRADLEW] > Task :shopify_react-native-skia:extractJNIFiles
[RUN_GRADLEW] > Task :shopify_react-native-skia:preReleaseBuild
[RUN_GRADLEW] > Task :react-native-reanimated:parseReleaseLocalResources
[RUN_GRADLEW] > Task :react-native-community_datetimepicker:parseReleaseLocalResources
[RUN_GRADLEW] > Task :app:mergeReleaseJniLibFolders
[RUN_GRADLEW] > Task :react-native-gesture-handler:generateReleaseRFile
[RUN_GRADLEW] > Task :expo:checkKotlinGradlePluginConfigurationErrors SKIPPED
[RUN_GRADLEW] > Task :react-native-mmkv:generateReleaseRFile
[RUN_GRADLEW] > Task :expo-constants:checkKotlinGradlePluginConfigurationErrors SKIPPED
[RUN_GRADLEW] > Task :react-native-community_datetimepicker:generateReleaseRFile
[RUN_GRADLEW] > Task :expo:generateReleaseBuildConfig
[RUN_GRADLEW] > Task :expo-constants:generateReleaseBuildConfig
[RUN_GRADLEW] > Task :react-native-reanimated:generateReleaseRFile
[RUN_GRADLEW] > Task :expo:generateReleaseResValues
[RUN_GRADLEW] > Task :expo-constants:generateReleaseResValues
[RUN_GRADLEW] > Task :expo-modules-core:checkKotlinGradlePluginConfigurationErrors SKIPPED
[RUN_GRADLEW] > Task :expo-constants:generateReleaseResources
[RUN_GRADLEW] > Task :expo-modules-core:generateReleaseBuildConfig
[RUN_GRADLEW] > Task :amplitude_analytics-react-native:generateReleaseRFile
[RUN_GRADLEW] > Task :expo:generateReleaseResources
[RUN_GRADLEW] > Task :expo-modules-core:generateReleaseResValues
[RUN_GRADLEW] > Task :expo-modules-core:generateReleaseResources
[RUN_GRADLEW] > Task :expo-constants:packageReleaseResources
[RUN_GRADLEW] > Task :expo:packageReleaseResources
[RUN_GRADLEW] > Task :expo-constants:parseReleaseLocalResources
[RUN_GRADLEW] > Task :expo:parseReleaseLocalResources
[RUN_GRADLEW] > Task :expo-modules-core:packageReleaseResources
[RUN_GRADLEW] > Task :expo-modules-core:parseReleaseLocalResources
[RUN_GRADLEW] > Task :expo-modules-core:generateReleaseRFile
[RUN_GRADLEW] > Task :expo:generateReleaseRFile
[RUN_GRADLEW] > Task :expo-modules-core:javaPreCompileRelease
[RUN_GRADLEW] > Task :expo-dev-client:checkKotlinGradlePluginConfigurationErrors SKIPPED
[RUN_GRADLEW] > Task :expo-constants:generateReleaseRFile
[RUN_GRADLEW] > Task :expo-constants:javaPreCompileRelease
[RUN_GRADLEW] > Task :expo-dev-menu:checkKotlinGradlePluginConfigurationErrors SKIPPED
[RUN_GRADLEW] > Task :expo-dev-launcher:checkKotlinGradlePluginConfigurationErrors SKIPPED
[RUN_GRADLEW] > Task :expo-dev-menu:generateReleaseBuildConfig
[RUN_GRADLEW] > Task :expo-dev-menu:generateReleaseResValues
[RUN_GRADLEW] > Task :react-native-nitro-modules:configureCMakeRelWithDebInfo[arm64-v8a]
[RUN_GRADLEW] [CXX5304] This version only understands SDK XML versions up to 3 but an SDK XML file of version 4 was encountered. This can happen if you use versions of Android Studio and the command-line tools that were released at different times.
[RUN_GRADLEW] [CXX5304] This version only understands SDK XML versions up to 3 but an SDK XML file of version 4 was encountered. This can happen if you use versions of Android Studio and the command-line tools that were released at different times.
[RUN_GRADLEW] > Task :expo-dev-menu:generateReleaseResources
[RUN_GRADLEW] > Task :expo-dev-menu:packageReleaseResources
[RUN_GRADLEW] > Task :expo-dev-menu:parseReleaseLocalResources
[RUN_GRADLEW] > Task :expo-dev-menu:generateReleaseRFile
[RUN_GRADLEW] > Task :expo-dev-client:dataBindingMergeDependencyArtifactsRelease
[RUN_GRADLEW] > Task :expo-dev-client:generateReleaseResValues
[RUN_GRADLEW] > Task :expo-dev-client:generateReleaseResources
[RUN_GRADLEW] > Task :expo-dev-menu:javaPreCompileRelease
[RUN_GRADLEW] > Task :expo-dev-menu-interface:checkKotlinGradlePluginConfigurationErrors SKIPPED
[RUN_GRADLEW] > Task :expo-dev-menu-interface:generateReleaseBuildConfig
[RUN_GRADLEW] > Task :expo-dev-menu-interface:generateReleaseResValues
[RUN_GRADLEW] > Task :expo-dev-client:packageReleaseResources
[RUN_GRADLEW] > Task :expo-dev-menu-interface:generateReleaseResources
[RUN_GRADLEW] > Task :expo-dev-client:parseReleaseLocalResources
[RUN_GRADLEW] > Task :expo-dev-client:generateReleaseBuildConfig
[RUN_GRADLEW] > Task :expo-dev-launcher:dataBindingMergeDependencyArtifactsRelease
[RUN_GRADLEW] > Task :expo-dev-launcher:generateReleaseResValues
[RUN_GRADLEW] > Task :expo-dev-launcher:generateReleaseResources
[RUN_GRADLEW] > Task :expo-dev-menu-interface:packageReleaseResources
[RUN_GRADLEW] > Task :expo-dev-menu-interface:parseReleaseLocalResources
[RUN_GRADLEW] > Task :expo-dev-launcher:packageReleaseResources
[RUN_GRADLEW] > Task :react-native-safe-area-context:javaPreCompileRelease
[RUN_GRADLEW] > Task :expo-dev-launcher:parseReleaseLocalResources
[RUN_GRADLEW] > Task :expo-dev-launcher:generateReleaseBuildConfig
[RUN_GRADLEW] > Task :expo-dev-menu-interface:generateReleaseRFile
[RUN_GRADLEW] > Task :expo-dev-client:dataBindingGenBaseClassesRelease
[RUN_GRADLEW] > Task :expo-dev-menu-interface:javaPreCompileRelease
[RUN_GRADLEW] > Task :expo-json-utils:checkKotlinGradlePluginConfigurationErrors SKIPPED
[RUN_GRADLEW] > Task :expo-json-utils:generateReleaseBuildConfig
[RUN_GRADLEW] > Task :expo-dev-client:generateReleaseRFile
[RUN_GRADLEW] > Task :expo-dev-client:javaPreCompileRelease
[RUN_GRADLEW] > Task :expo-log-box:checkKotlinGradlePluginConfigurationErrors SKIPPED
[RUN_GRADLEW] > Task :expo-json-utils:generateReleaseResValues
[RUN_GRADLEW] > Task :expo-log-box:generateReleaseBuildConfig
[RUN_GRADLEW] > Task :expo-log-box:generateReleaseResValues
[RUN_GRADLEW] > Task :expo-json-utils:generateReleaseResources
[RUN_GRADLEW] > Task :expo-log-box:generateReleaseResources
[RUN_GRADLEW] > Task :expo-json-utils:packageReleaseResources
[RUN_GRADLEW] > Task :expo-log-box:packageReleaseResources
[RUN_GRADLEW] > Task :expo-log-box:parseReleaseLocalResources
[RUN_GRADLEW] > Task :expo-dev-launcher:dataBindingGenBaseClassesRelease
[RUN_GRADLEW] > Task :expo-json-utils:parseReleaseLocalResources
[RUN_GRADLEW] > Task :expo-json-utils:javaPreCompileRelease
[RUN_GRADLEW] > Task :expo-dev-launcher:javaPreCompileRelease
[RUN_GRADLEW] > Task :expo-dev-launcher:generateReleaseRFile
[RUN_GRADLEW] > Task :expo-manifests:checkKotlinGradlePluginConfigurationErrors SKIPPED
[RUN_GRADLEW] > Task :expo-json-utils:generateReleaseRFile
[RUN_GRADLEW] > Task :expo-log-box:generateReleaseRFile
[RUN_GRADLEW] > Task :expo-updates-interface:checkKotlinGradlePluginConfigurationErrors SKIPPED
[RUN_GRADLEW] > Task :expo-log-box:javaPreCompileRelease
[RUN_GRADLEW] > Task :expo-manifests:generateReleaseBuildConfig
[RUN_GRADLEW] > Task :expo-updates-interface:generateReleaseBuildConfig
[RUN_GRADLEW] > Task :expo-manifests:generateReleaseResValues
[RUN_GRADLEW] > Task :expo:javaPreCompileRelease
[RUN_GRADLEW] > Task :expo-updates-interface:generateReleaseResValues
[RUN_GRADLEW] > Task :solana-mobile_mobile-wallet-adapter-protocol:checkKotlinGradlePluginConfigurationErrors SKIPPED
[RUN_GRADLEW] > Task :expo-manifests:generateReleaseResources
[RUN_GRADLEW] > Task :expo-updates-interface:generateReleaseResources
[RUN_GRADLEW] > Task :solana-mobile_mobile-wallet-adapter-protocol:generateReleaseBuildConfig
[RUN_GRADLEW] > Task :expo-manifests:packageReleaseResources
[RUN_GRADLEW] > Task :solana-mobile_mobile-wallet-adapter-protocol:generateReleaseResValues
[RUN_GRADLEW] > Task :solana-mobile_mobile-wallet-adapter-protocol:generateReleaseResources
[RUN_GRADLEW] > Task :expo-updates-interface:packageReleaseResources
[RUN_GRADLEW] > Task :expo-manifests:parseReleaseLocalResources
[RUN_GRADLEW] > Task :expo-manifests:javaPreCompileRelease
[RUN_GRADLEW] > Task :solana-mobile_mobile-wallet-adapter-protocol:packageReleaseResources
[RUN_GRADLEW] > Task :expo-updates-interface:javaPreCompileRelease
[RUN_GRADLEW] > Task :expo-updates-interface:parseReleaseLocalResources
[RUN_GRADLEW] > Task :expo-manifests:generateReleaseRFile
[RUN_GRADLEW] > Task :react-native-community_netinfo:generateReleaseBuildConfig
[RUN_GRADLEW] > Task :solana-mobile_mobile-wallet-adapter-protocol:parseReleaseLocalResources
[RUN_GRADLEW] > Task :react-native-community_netinfo:generateReleaseResValues
[RUN_GRADLEW] > Task :solana-mobile_mobile-wallet-adapter-protocol:javaPreCompileRelease
[RUN_GRADLEW] > Task :react-native-community_netinfo:generateReleaseResources
[RUN_GRADLEW] > Task :expo-updates-interface:generateReleaseRFile
[RUN_GRADLEW] > Task :solana-mobile_mobile-wallet-adapter-protocol:generateReleaseRFile
[RUN_GRADLEW] > Task :react-native-community_netinfo:packageReleaseResources
[RUN_GRADLEW] > Task :sentry_react-native:generateReleaseBuildConfig
[RUN_GRADLEW] > Task :sentry_react-native:generateReleaseResValues
[RUN_GRADLEW] > Task :react-native-community_netinfo:parseReleaseLocalResources
[RUN_GRADLEW] > Task :react-native-community_netinfo:javaPreCompileRelease
[RUN_GRADLEW] > Task :sentry_react-native:generateReleaseResources
[RUN_GRADLEW] > Task :sentry_react-native:packageReleaseResources
[RUN_GRADLEW] > Task :react-native-community_netinfo:generateReleaseRFile
[RUN_GRADLEW] > Task :sentry_react-native:parseReleaseLocalResources
[RUN_GRADLEW] > Task :sentry_react-native:generateReleaseRFile
[RUN_GRADLEW] > Task :sentry_react-native:javaPreCompileRelease
[RUN_GRADLEW] > Task :shopify_react-native-skia:configureCMakeRelWithDebInfo[arm64-v8a]
[RUN_GRADLEW] C/C++: -- SKIA_LIBS_PATH: /tmp/emre/eas-build-local-nodejs/315c31c7-5049-4f6e-a6ac-1b06071346d8/build/node_modules/@shopify/react-native-skia/android/../libs/android/arm64-v8a
[RUN_GRADLEW] C/C++: -- SK_GRAPHITE: OFF
[RUN_GRADLEW] C/C++: -- ABI     : arm64-v8a
[RUN_GRADLEW] C/C++: -- PREBUILT: /tmp/emre/eas-build-local-nodejs/315c31c7-5049-4f6e-a6ac-1b06071346d8/build/node_modules/@shopify/react-native-skia/android/build/react-native-0*/jni
[RUN_GRADLEW] C/C++: -- BUILD   : /tmp/emre/eas-build-local-nodejs/315c31c7-5049-4f6e-a6ac-1b06071346d8/build/node_modules/@shopify/react-native-skia/android/build
[RUN_GRADLEW] C/C++: -- LIBRN   : 
[RUN_GRADLEW] C/C++: -- LOG     : /home/emre/Android/Sdk/ndk/27.1.12297006/toolchains/llvm/prebuilt/linux-x86_64/sysroot/usr/lib/aarch64-linux-android/24/liblog.so
[RUN_GRADLEW] C/C++: -- JSI     : ReactAndroid::jsi
[RUN_GRADLEW] C/C++: -- REACT   : ReactAndroid::reactnative
[RUN_GRADLEW] C/C++: -- FBJNI   : fbjni::fbjni
[RUN_GRADLEW] C/C++: -- REACTNATIVEJNI   : 
[RUN_GRADLEW] C/C++: -- RUNTIMEEXECUTOR   : 
[RUN_GRADLEW] C/C++: -- TURBO   :
[RUN_GRADLEW] > Task :react-native-worklets:configureCMakeRelWithDebInfo[arm64-v8a]
[RUN_GRADLEW] > Task :react-native-screens:configureCMakeRelWithDebInfo[arm64-v8a]
[RUN_GRADLEW] > Task :shopify_react-native-skia:configureCMakeRelWithDebInfo[armeabi-v7a]
[RUN_GRADLEW] C/C++: -- SKIA_LIBS_PATH: /tmp/emre/eas-build-local-nodejs/315c31c7-5049-4f6e-a6ac-1b06071346d8/build/node_modules/@shopify/react-native-skia/android/../libs/android/armeabi-v7a
[RUN_GRADLEW] C/C++: -- SK_GRAPHITE: OFF
[RUN_GRADLEW] C/C++: -- ABI     : armeabi-v7a
[RUN_GRADLEW] C/C++: -- PREBUILT: /tmp/emre/eas-build-local-nodejs/315c31c7-5049-4f6e-a6ac-1b06071346d8/build/node_modules/@shopify/react-native-skia/android/build/react-native-0*/jni
[RUN_GRADLEW] C/C++: -- BUILD   : /tmp/emre/eas-build-local-nodejs/315c31c7-5049-4f6e-a6ac-1b06071346d8/build/node_modules/@shopify/react-native-skia/android/build
[RUN_GRADLEW] C/C++: -- LIBRN   : 
[RUN_GRADLEW] C/C++: -- LOG     : /home/emre/Android/Sdk/ndk/27.1.12297006/toolchains/llvm/prebuilt/linux-x86_64/sysroot/usr/lib/arm-linux-androideabi/24/liblog.so
[RUN_GRADLEW] C/C++: -- JSI     : ReactAndroid::jsi
[RUN_GRADLEW] C/C++: -- REACT   : ReactAndroid::reactnative
[RUN_GRADLEW] C/C++: -- FBJNI   : fbjni::fbjni
[RUN_GRADLEW] C/C++: -- REACTNATIVEJNI   : 
[RUN_GRADLEW] C/C++: -- RUNTIMEEXECUTOR   : 
[RUN_GRADLEW] C/C++: -- TURBO   :
[RUN_GRADLEW] > Task :react-native-community_netinfo:compileReleaseJavaWithJavac
[RUN_GRADLEW] /tmp/emre/eas-build-local-nodejs/315c31c7-5049-4f6e-a6ac-1b06071346d8/build/node_modules/@react-native-community/netinfo/android/src/newarch/com/reactnativecommunity/netinfo/NetInfoModule.java:43: warning: [removal] onCatalystInstanceDestroy() in NativeModule has been deprecated and marked for removal
[RUN_GRADLEW]     public void onCatalystInstanceDestroy() {
[RUN_GRADLEW]                 ^
[RUN_GRADLEW] Note: Some input files use or override a deprecated API.
[RUN_GRADLEW] Note: Recompile with -Xlint:deprecation for details.
[RUN_GRADLEW] 1 warning
[RUN_GRADLEW] > Task :sentry_react-native:compileReleaseJavaWithJavac
[RUN_GRADLEW] Note: Some input files use or override a deprecated API.
[RUN_GRADLEW] Note: Recompile with -Xlint:deprecation for details.
[RUN_GRADLEW] > Task :react-native-community_netinfo:bundleLibRuntimeToDirRelease
[RUN_GRADLEW] > Task :sentry_react-native:bundleLibRuntimeToDirRelease
[RUN_GRADLEW] > Task :shopify_react-native-skia:configureCMakeRelWithDebInfo[x86]
[RUN_GRADLEW] C/C++: -- SKIA_LIBS_PATH: /tmp/emre/eas-build-local-nodejs/315c31c7-5049-4f6e-a6ac-1b06071346d8/build/node_modules/@shopify/react-native-skia/android/../libs/android/x86
[RUN_GRADLEW] C/C++: -- SK_GRAPHITE: OFF
[RUN_GRADLEW] C/C++: -- ABI     : x86
[RUN_GRADLEW] C/C++: -- PREBUILT: /tmp/emre/eas-build-local-nodejs/315c31c7-5049-4f6e-a6ac-1b06071346d8/build/node_modules/@shopify/react-native-skia/android/build/react-native-0*/jni
[RUN_GRADLEW] C/C++: -- BUILD   : /tmp/emre/eas-build-local-nodejs/315c31c7-5049-4f6e-a6ac-1b06071346d8/build/node_modules/@shopify/react-native-skia/android/build
[RUN_GRADLEW] C/C++: -- LIBRN   :
[RUN_GRADLEW] C/C++: -- LOG     : /home/emre/Android/Sdk/ndk/27.1.12297006/toolchains/llvm/prebuilt/linux-x86_64/sysroot/usr/lib/i686-linux-android/24/liblog.so
[RUN_GRADLEW] C/C++: -- JSI     : ReactAndroid::jsi
[RUN_GRADLEW] C/C++: -- REACT   : ReactAndroid::reactnative
[RUN_GRADLEW] C/C++: -- FBJNI   : fbjni::fbjni
[RUN_GRADLEW] C/C++: -- REACTNATIVEJNI   : 
[RUN_GRADLEW] C/C++: -- RUNTIMEEXECUTOR   : 
[RUN_GRADLEW] C/C++: -- TURBO   :
[RUN_GRADLEW] > Task :react-native-community_datetimepicker:compileReleaseKotlin
[RUN_GRADLEW] > Task :solana-mobile_mobile-wallet-adapter-protocol:compileReleaseKotlin
[RUN_GRADLEW] w: file:///tmp/emre/eas-build-local-nodejs/315c31c7-5049-4f6e-a6ac-1b06071346d8/build/node_modules/@solana-mobile/mobile-wallet-adapter-protocol/android/src/main/java/com/solanamobile/mobilewalletadapter/reactnative/SolanaMobileWalletAdapterPackage.kt:3:8 'class TurboReactPackage : BaseReactPackage' is deprecated. Use BaseReactPackage instead.
[RUN_GRADLEW] w: file:///tmp/emre/eas-build-local-nodejs/315c31c7-5049-4f6e-a6ac-1b06071346d8/build/node_modules/@solana-mobile/mobile-wallet-adapter-protocol/android/src/main/java/com/solanamobile/mobilewalletadapter/reactnative/SolanaMobileWalletAdapterPackage.kt:10:48 'class TurboReactPackage : BaseReactPackage' is deprecated. Use BaseReactPackage instead.
[RUN_GRADLEW] w: file:///tmp/emre/eas-build-local-nodejs/315c31c7-5049-4f6e-a6ac-1b06071346d8/build/node_modules/@solana-mobile/mobile-wallet-adapter-protocol/android/src/main/java/com/solanamobile/mobilewalletadapter/reactnative/SolanaMobileWalletAdapterPackage.kt:23:21 'constructor(name: String, className: String, canOverrideExistingModule: Boolean, needsEagerInit: Boolean, hasConstants: Boolean, isCxxModule: Boolean, isTurboModule: Boolean): ReactModuleInfo' is deprecated. This constructor is deprecated and will be removed in the future. Use ReactModuleInfo(String, String, boolean, boolean, boolean, boolean)].
[RUN_GRADLEW] > Task :shopify_react-native-skia:configureCMakeRelWithDebInfo[x86_64]
[RUN_GRADLEW] C/C++: -- SKIA_LIBS_PATH: /tmp/emre/eas-build-local-nodejs/315c31c7-5049-4f6e-a6ac-1b06071346d8/build/node_modules/@shopify/react-native-skia/android/../libs/android/x86_64
[RUN_GRADLEW] C/C++: -- SK_GRAPHITE: OFF
[RUN_GRADLEW] C/C++: -- ABI     : x86_64
[RUN_GRADLEW] C/C++: -- PREBUILT: /tmp/emre/eas-build-local-nodejs/315c31c7-5049-4f6e-a6ac-1b06071346d8/build/node_modules/@shopify/react-native-skia/android/build/react-native-0*/jni
[RUN_GRADLEW] C/C++: -- BUILD   : /tmp/emre/eas-build-local-nodejs/315c31c7-5049-4f6e-a6ac-1b06071346d8/build/node_modules/@shopify/react-native-skia/android/build
[RUN_GRADLEW] C/C++: -- LIBRN   : 
[RUN_GRADLEW] C/C++: -- LOG     : /home/emre/Android/Sdk/ndk/27.1.12297006/toolchains/llvm/prebuilt/linux-x86_64/sysroot/usr/lib/x86_64-linux-android/24/liblog.so
[RUN_GRADLEW] C/C++: -- JSI     : ReactAndroid::jsi
[RUN_GRADLEW] C/C++: -- REACT   : ReactAndroid::reactnative
[RUN_GRADLEW] C/C++: -- FBJNI   : fbjni::fbjni
[RUN_GRADLEW] C/C++: -- REACTNATIVEJNI   : 
[RUN_GRADLEW] C/C++: -- RUNTIMEEXECUTOR   : 
[RUN_GRADLEW] C/C++: -- TURBO   :
[RUN_GRADLEW] > Task :react-native-purchases-ui:compileReleaseKotlin
[RUN_GRADLEW] > Task :react-native-safe-area-context:compileReleaseKotlin
[RUN_GRADLEW] > Task :react-native-svg:compileReleaseJavaWithJavac
[RUN_GRADLEW] > Task :shopify_react-native-skia:generateJsonModelRelease
[RUN_GRADLEW] > Task :shopify_react-native-skia:prefabReleaseConfigurePackage
[RUN_GRADLEW] > Task :amplitude_analytics-react-native:compileReleaseKotlin
[RUN_GRADLEW] w: file:///tmp/emre/eas-build-local-nodejs/315c31c7-5049-4f6e-a6ac-1b06071346d8/build/node_modules/@amplitude/analytics-react-native/android/src/main/java/com/amplitude/reactnative/AmplitudeReactNativeConnectivityModule.kt:64:27 'fun hasActiveCatalystInstance(): Boolean' is deprecated. Deprecated in Java.
[RUN_GRADLEW] w: file:///tmp/emre/eas-build-local-nodejs/315c31c7-5049-4f6e-a6ac-1b06071346d8/build/node_modules/@amplitude/analytics-react-native/android/src/main/java/com/amplitude/reactnative/AndroidContextProvider.kt:132:53 'static field PHONE_TYPE_CDMA: Int' is deprecated. Deprecated in Java.
[RUN_GRADLEW] w: file:///tmp/emre/eas-build-local-nodejs/315c31c7-5049-4f6e-a6ac-1b06071346d8/build/node_modules/@amplitude/analytics-react-native/android/src/main/java/com/amplitude/reactnative/AndroidContextProvider.kt:155:32 'field locale: Locale!' is deprecated. Deprecated in Java.
[RUN_GRADLEW] w: file:///tmp/emre/eas-build-local-nodejs/315c31c7-5049-4f6e-a6ac-1b06071346d8/build/node_modules/@amplitude/analytics-react-native/android/src/main/java/com/amplitude/reactnative/AndroidContextProvider.kt:229:13 Condition is always 'true'.
[RUN_GRADLEW] w: file:///tmp/emre/eas-build-local-nodejs/315c31c7-5049-4f6e-a6ac-1b06071346d8/build/node_modules/@amplitude/analytics-react-native/android/src/main/java/com/amplitude/reactnative/AndroidContextProvider.kt:257:16 Condition is always 'true'.
[RUN_GRADLEW] > Task :react-native-nitro-modules:buildCMakeRelWithDebInfo[arm64-v8a]
[RUN_GRADLEW] > Task :react-native-worklets:buildCMakeRelWithDebInfo[arm64-v8a][worklets]
[RUN_GRADLEW] > Task :react-native-screens:buildCMakeRelWithDebInfo[arm64-v8a]
[RUN_GRADLEW] > Task :react-native-safe-area-context:compileReleaseKotlin
[RUN_GRADLEW] w: file:///tmp/emre/eas-build-local-nodejs/315c31c7-5049-4f6e-a6ac-1b06071346d8/build/node_modules/react-native-safe-area-context/android/src/main/java/com/th3rdwave/safeareacontext/SafeAreaProviderManager.kt:39:19 'fun getEventDispatcherForReactTag(context: ReactContext, reactTag: Int): EventDispatcher?' is deprecated. reactTag is no longer needed.
[RUN_GRADLEW] w: file:///tmp/emre/eas-build-local-nodejs/315c31c7-5049-4f6e-a6ac-1b06071346d8/build/node_modules/react-native-safe-area-context/android/src/main/java/com/th3rdwave/safeareacontext/SafeAreaView.kt:9:8 'class UIManagerModule : ReactContextBaseJavaModule, LifecycleEventListener, UIManager' is deprecated. Deprecated in Java.
[RUN_GRADLEW] w: file:///tmp/emre/eas-build-local-nodejs/315c31c7-5049-4f6e-a6ac-1b06071346d8/build/node_modules/react-native-safe-area-context/android/src/main/java/com/th3rdwave/safeareacontext/SafeAreaView.kt:50:54 'class UIManagerModule : ReactContextBaseJavaModule, LifecycleEventListener, UIManager' is deprecated. Deprecated in Java.
[RUN_GRADLEW] w: file:///tmp/emre/eas-build-local-nodejs/315c31c7-5049-4f6e-a6ac-1b06071346d8/build/node_modules/react-native-safe-area-context/android/src/main/java/com/th3rdwave/safeareacontext/SafeAreaView.kt:59:23 'val uiImplementation: UIImplementation!' is deprecated. Deprecated in Java.
[RUN_GRADLEW] w: file:///tmp/emre/eas-build-local-nodejs/315c31c7-5049-4f6e-a6ac-1b06071346d8/build/node_modules/react-native-safe-area-context/android/src/main/java/com/th3rdwave/safeareacontext/SafeAreaViewShadowNode.kt:9:32 'class LayoutShadowNode : ReactShadowNodeImpl' is deprecated. This class is part of Legacy Architecture and will be removed in a future release.
[RUN_GRADLEW] w: file:///tmp/emre/eas-build-local-nodejs/315c31c7-5049-4f6e-a6ac-1b06071346d8/build/node_modules/react-native-safe-area-context/android/src/main/java/com/th3rdwave/safeareacontext/SafeAreaViewShadowNode.kt:110:61 'class NativeViewHierarchyOptimizer : Any' is deprecated. This class is part of Legacy Architecture and will be removed in a future release.
[RUN_GRADLEW] > Task :react-native-svg:compileReleaseJavaWithJavac
[RUN_GRADLEW] Note: Some input files use or override a deprecated API.
[RUN_GRADLEW] Note: Recompile with -Xlint:deprecation for details.
[RUN_GRADLEW] Note: Some input files use unchecked or unsafe operations.
[RUN_GRADLEW] Note: Recompile with -Xlint:unchecked for details.
[RUN_GRADLEW] > Task :react-native-screens:buildCMakeRelWithDebInfo[arm64-v8a]
[RUN_GRADLEW] C/C++: Hard link from '/home/emre/.gradle/caches/9.3.1/transforms/e88424997ecf7ed9545c92fde2f71276/transformed/react-android-0.86.2-release/prefab/modules/reactnative/libs/android.arm64-v8a/libreactnative.so' to '/tmp/emre/eas-build-local-nodejs/315c31c7-5049-4f6e-a6ac-1b06071346d8/build/node_modules/react-native-screens/android/build/intermediates/cxx/RelWithDebInfo/i4y4s582/obj/arm64-v8a/libreactnative.so' failed. Doing a slower copy instead.
[RUN_GRADLEW] C/C++: Hard link from '/home/emre/.gradle/caches/9.3.1/transforms/e88424997ecf7ed9545c92fde2f71276/transformed/react-android-0.86.2-release/prefab/modules/reactnative/libs/android.arm64-v8a/libreactnative.so' to '/tmp/emre/eas-build-local-nodejs/315c31c7-5049-4f6e-a6ac-1b06071346d8/build/node_modules/react-native-screens/android/build/intermediates/cxx/RelWithDebInfo/i4y4s582/obj/arm64-v8a/libreactnative.so' failed. Doing a slower copy instead.
[RUN_GRADLEW] > Task :react-native-svg:bundleLibCompileToJarRelease
[RUN_GRADLEW] > Task :react-native-purchases:checkKotlinGradlePluginConfigurationErrors SKIPPED
[RUN_GRADLEW] > Task :react-native-purchases:generateReleaseBuildConfig
[RUN_GRADLEW] > Task :react-native-purchases:generateReleaseResValues
[RUN_GRADLEW] > Task :react-native-purchases:generateReleaseResources
[RUN_GRADLEW] > Task :react-native-purchases:packageReleaseResources
[RUN_GRADLEW] > Task :react-native-purchases:parseReleaseLocalResources
[RUN_GRADLEW] > Task :react-native-purchases:generateReleaseRFile
[RUN_GRADLEW] > Task :amplitude_analytics-react-native:compileReleaseJavaWithJavac
[RUN_GRADLEW] Note: /tmp/emre/eas-build-local-nodejs/315c31c7-5049-4f6e-a6ac-1b06071346d8/build/node_modules/@amplitude/analytics-react-native/android/src/main/java/com/amplitude/reactnative/AmplitudeReactNativePackage.java uses or overrides a deprecated API.
[RUN_GRADLEW] Note: Recompile with -Xlint:deprecation for details.
[RUN_GRADLEW] > Task :solana-mobile_mobile-wallet-adapter-protocol:compileReleaseJavaWithJavac
[RUN_GRADLEW] > Task :amplitude_analytics-react-native:bundleLibRuntimeToDirRelease
[RUN_GRADLEW] > Task :solana-mobile_mobile-wallet-adapter-protocol:bundleLibRuntimeToDirRelease
[RUN_GRADLEW] > Task :react-native-purchases:compileReleaseKotlin
[RUN_GRADLEW] > Task :react-native-purchases:javaPreCompileRelease
[RUN_GRADLEW] > Task :react-native-community_datetimepicker:compileReleaseJavaWithJavac
[RUN_GRADLEW] > Task :react-native-screens:configureCMakeRelWithDebInfo[armeabi-v7a]
[RUN_GRADLEW] > Task :react-native-async-storage_async-storage:generateReleaseBuildConfig
[RUN_GRADLEW] > Task :react-native-async-storage_async-storage:generateReleaseResValues
[RUN_GRADLEW] > Task :react-native-async-storage_async-storage:generateReleaseResources
[RUN_GRADLEW] > Task :shopify_react-native-skia:buildCMakeRelWithDebInfo[arm64-v8a]
[RUN_GRADLEW] > Task :react-native-async-storage_async-storage:packageReleaseResources
[RUN_GRADLEW] > Task :react-native-async-storage_async-storage:parseReleaseLocalResources
[RUN_GRADLEW] > Task :react-native-async-storage_async-storage:generateReleaseRFile
[RUN_GRADLEW] > Task :react-native-purchases-ui:compileReleaseKotlin
[RUN_GRADLEW] w: file:///tmp/emre/eas-build-local-nodejs/315c31c7-5049-4f6e-a6ac-1b06071346d8/build/node_modules/react-native-purchases-ui/android/src/main/java/com/revenuecat/purchases/react/ui/BasePaywallViewManager.kt:8:8 'object MapBuilder : Any' is deprecated. Use Kotlin's built-in collections extensions.
[RUN_GRADLEW] w: file:///tmp/emre/eas-build-local-nodejs/315c31c7-5049-4f6e-a6ac-1b06071346d8/build/node_modules/react-native-purchases-ui/android/src/main/java/com/revenuecat/purchases/react/ui/BasePaywallViewManager.kt:62:16 'object MapBuilder : Any' is deprecated. Use Kotlin's built-in collections extensions.
[RUN_GRADLEW] w: file:///tmp/emre/eas-build-local-nodejs/315c31c7-5049-4f6e-a6ac-1b06071346d8/build/node_modules/react-native-purchases-ui/android/src/main/java/com/revenuecat/purchases/react/ui/BasePaywallViewManager.kt:321:32 'object MapBuilder : Any' is deprecated. Use Kotlin's built-in collections extensions.
[RUN_GRADLEW] w: file:///tmp/emre/eas-build-local-nodejs/315c31c7-5049-4f6e-a6ac-1b06071346d8/build/node_modules/react-native-purchases-ui/android/src/main/java/com/revenuecat/purchases/react/ui/BasePaywallViewManager.kt:337:47 'fun getEventDispatcherForReactTag(context: ReactContext, reactTag: Int): EventDispatcher?' is deprecated. reactTag is no longer needed.
[RUN_GRADLEW] w: file:///tmp/emre/eas-build-local-nodejs/315c31c7-5049-4f6e-a6ac-1b06071346d8/build/node_modules/react-native-purchases-ui/android/src/main/java/com/revenuecat/purchases/react/ui/CustomerCenterViewManager.kt:9:8 'object MapBuilder : Any' is deprecated. Use Kotlin's built-in collections extensions.
[RUN_GRADLEW] w: file:///tmp/emre/eas-build-local-nodejs/315c31c7-5049-4f6e-a6ac-1b06071346d8/build/node_modules/react-native-purchases-ui/android/src/main/java/com/revenuecat/purchases/react/ui/CustomerCenterViewManager.kt:12:8 'interface RCTEventEmitter : JavaScriptModule' is deprecated. Use [RCTModernEventEmitter] instead.
[RUN_GRADLEW] w: file:///tmp/emre/eas-build-local-nodejs/315c31c7-5049-4f6e-a6ac-1b06071346d8/build/node_modules/react-native-purchases-ui/android/src/main/java/com/revenuecat/purchases/react/ui/CustomerCenterViewManager.kt:29:16 'object MapBuilder : Any' is deprecated. Use Kotlin's built-in collections extensions.
[RUN_GRADLEW] w: file:///tmp/emre/eas-build-local-nodejs/315c31c7-5049-4f6e-a6ac-1b06071346d8/build/node_modules/react-native-purchases-ui/android/src/main/java/com/revenuecat/purchases/react/ui/CustomerCenterViewManager.kt:66:32 'object MapBuilder : Any' is deprecated. Use Kotlin's built-in collections extensions.
[RUN_GRADLEW] w: file:///tmp/emre/eas-build-local-nodejs/315c31c7-5049-4f6e-a6ac-1b06071346d8/build/node_modules/react-native-purchases-ui/android/src/main/java/com/revenuecat/purchases/react/ui/CustomerCenterViewManager.kt:232:26 'interface RCTEventEmitter : JavaScriptModule' is deprecated. Use [RCTModernEventEmitter] instead.
[RUN_GRADLEW] w: file:///tmp/emre/eas-build-local-nodejs/315c31c7-5049-4f6e-a6ac-1b06071346d8/build/node_modules/react-native-purchases-ui/android/src/main/java/com/revenuecat/purchases/react/ui/CustomerCenterViewManager.kt:233:14 'fun receiveEvent(targetTag: Int, eventName: String, params: WritableMap?): Unit' is deprecated. Use [RCTModernEventEmitter.receiveEvent] instead.
[RUN_GRADLEW] w: file:///tmp/emre/eas-build-local-nodejs/315c31c7-5049-4f6e-a6ac-1b06071346d8/build/node_modules/react-native-purchases-ui/android/src/main/java/com/revenuecat/purchases/react/ui/PaywallViewShadowNode.kt:4:8 'class LayoutShadowNode : ReactShadowNodeImpl' is deprecated. This class is part of Legacy Architecture and will be removed in a future release.
[RUN_GRADLEW] w: file:///tmp/emre/eas-build-local-nodejs/315c31c7-5049-4f6e-a6ac-1b06071346d8/build/node_modules/react-native-purchases-ui/android/src/main/java/com/revenuecat/purchases/react/ui/PaywallViewShadowNode.kt:10:39 'class LayoutShadowNode : ReactShadowNodeImpl' is deprecated. This class is part of Legacy Architecture and will be removed in a future release.
[RUN_GRADLEW] w: file:///tmp/emre/eas-build-local-nodejs/315c31c7-5049-4f6e-a6ac-1b06071346d8/build/node_modules/react-native-purchases-ui/android/src/main/java/com/revenuecat/purchases/react/ui/PaywallViewShadowNode.kt:16:9 The corresponding parameter in the supertype 'YogaMeasureFunction' is named 'node'. This may cause problems when calling this function with named arguments.
[RUN_GRADLEW] w: file:///tmp/emre/eas-build-local-nodejs/315c31c7-5049-4f6e-a6ac-1b06071346d8/build/node_modules/react-native-purchases-ui/android/src/main/java/com/revenuecat/purchases/react/ui/PaywallViewShadowNode.kt:18:9 The corresponding parameter in the supertype 'YogaMeasureFunction' is named 'widthMode'. This may cause problems when calling this function with named arguments.
[RUN_GRADLEW] w: file:///tmp/emre/eas-build-local-nodejs/315c31c7-5049-4f6e-a6ac-1b06071346d8/build/node_modules/react-native-purchases-ui/android/src/main/java/com/revenuecat/purchases/react/ui/PaywallViewShadowNode.kt:20:9 The corresponding parameter in the supertype 'YogaMeasureFunction' is named 'heightMode'. This may cause problems when calling this function with named arguments.
[RUN_GRADLEW] w: file:///tmp/emre/eas-build-local-nodejs/315c31c7-5049-4f6e-a6ac-1b06071346d8/build/node_modules/react-native-purchases-ui/android/src/main/java/com/revenuecat/purchases/react/ui/RevenueCatUIPackage.kt:10:18 This declaration overrides a deprecated member but is not marked as deprecated itself. Add the '@Deprecated' annotation or suppress the diagnostic.
[RUN_GRADLEW] w: file:///tmp/emre/eas-build-local-nodejs/315c31c7-5049-4f6e-a6ac-1b06071346d8/build/node_modules/react-native-purchases-ui/android/src/main/java/com/revenuecat/purchases/react/ui/customercenter/events/CustomerCenterEvent.kt:7:8 'interface RCTEventEmitter : JavaScriptModule' is deprecated. Use [RCTModernEventEmitter] instead.
[RUN_GRADLEW] w: file:///tmp/emre/eas-build-local-nodejs/315c31c7-5049-4f6e-a6ac-1b06071346d8/build/node_modules/react-native-purchases-ui/android/src/main/java/com/revenuecat/purchases/react/ui/views/WrappedPaywallComposeView.kt:8:8 'interface PurchaseLogic : PaywallPurchaseLogic' is deprecated. Use PaywallPurchaseLogic instead for product change and offer support.
[RUN_GRADLEW] w: file:///tmp/emre/eas-build-local-nodejs/315c31c7-5049-4f6e-a6ac-1b06071346d8/build/node_modules/react-native-purchases-ui/android/src/main/java/com/revenuecat/purchases/react/ui/views/WrappedPaywallComposeView.kt:42:41 'interface PurchaseLogic : PaywallPurchaseLogic' is deprecated. Use PaywallPurchaseLogic instead for product change and offer support.
[RUN_GRADLEW] w: file:///tmp/emre/eas-build-local-nodejs/315c31c7-5049-4f6e-a6ac-1b06071346d8/build/node_modules/react-native-purchases-ui/android/src/main/java/com/revenuecat/purchases/react/ui/views/WrappedPaywallFooterComposeView.kt:21:26 'fun setOfferingId(offeringId: String?): Unit' is deprecated. You should set the offering on the constructor instead.
[RUN_GRADLEW] > Task :react-native-async-storage_async-storage:javaPreCompileRelease
[RUN_GRADLEW] > Task :react-native-svg:bundleLibRuntimeToDirRelease
[RUN_GRADLEW] > Task :react-native-masked-view_masked-view:generateReleaseBuildConfig
[RUN_GRADLEW] > Task :react-native-masked-view_masked-view:generateReleaseResValues
[RUN_GRADLEW] > Task :react-native-masked-view_masked-view:generateReleaseResources
[RUN_GRADLEW] > Task :react-native-purchases:compileReleaseJavaWithJavac
[RUN_GRADLEW] /tmp/emre/eas-build-local-nodejs/315c31c7-5049-4f6e-a6ac-1b06071346d8/build/node_modules/react-native-purchases/android/src/main/java/com/revenuecat/purchases/react/RNPurchasesModule.java:70: warning: [removal] onCatalystInstanceDestroy() in NativeModule has been deprecated and marked for removal
[RUN_GRADLEW]     public void onCatalystInstanceDestroy() {
[RUN_GRADLEW]                 ^
[RUN_GRADLEW] > Task :react-native-safe-area-context:compileReleaseJavaWithJavac
[RUN_GRADLEW] > Task :react-native-masked-view_masked-view:packageReleaseResources
[RUN_GRADLEW] > Task :react-native-masked-view_masked-view:parseReleaseLocalResources
[RUN_GRADLEW] > Task :react-native-safe-area-context:bundleLibRuntimeToDirRelease
[RUN_GRADLEW] > Task :react-native-masked-view_masked-view:generateReleaseRFile
[RUN_GRADLEW] > Task :react-native-masked-view_masked-view:javaPreCompileRelease
[RUN_GRADLEW] > Task :react-native-async-storage_async-storage:compileReleaseJavaWithJavac
[RUN_GRADLEW] /tmp/emre/eas-build-local-nodejs/315c31c7-5049-4f6e-a6ac-1b06071346d8/build/node_modules/@react-native-async-storage/async-storage/android/src/main/java/com/reactnativecommunity/asyncstorage/AsyncStorageModule.java:84: warning: [removal] onCatalystInstanceDestroy() in NativeModule has been deprecated and marked for removal
[RUN_GRADLEW]   public void onCatalystInstanceDestroy() {
[RUN_GRADLEW]               ^
[RUN_GRADLEW] Note: Some input files use or override a deprecated API.
[RUN_GRADLEW] Note: Recompile with -Xlint:deprecation for details.
[RUN_GRADLEW] Note: /tmp/emre/eas-build-local-nodejs/315c31c7-5049-4f6e-a6ac-1b06071346d8/build/node_modules/@react-native-async-storage/async-storage/android/src/javaPackage/java/com/reactnativecommunity/asyncstorage/AsyncStoragePackage.java uses unchecked or unsafe operations.
[RUN_GRADLEW] Note: Recompile with -Xlint:unchecked for details.
[RUN_GRADLEW] 1 warning
[RUN_GRADLEW] Note: Some input files use or override a deprecated API.
[RUN_GRADLEW] Note: Recompile with -Xlint:deprecation for details.
[RUN_GRADLEW] Note: /tmp/emre/eas-build-local-nodejs/315c31c7-5049-4f6e-a6ac-1b06071346d8/build/node_modules/@react-native-masked-view/masked-view/android/src/main/java/org/reactnative/maskedview/RNCMaskedViewPackage.java uses or overrides a deprecated API.
[RUN_GRADLEW] Note: Recompile with -Xlint:deprecation for details.
[RUN_GRADLEW] > Task :react-native-community_datetimepicker:compileReleaseJavaWithJavac
[RUN_GRADLEW] > Task :react-native-masked-view_masked-view:compileReleaseJavaWithJavac
[RUN_GRADLEW] > Task :react-native-community_datetimepicker:bundleLibRuntimeToDirRelease
[RUN_GRADLEW] > Task :react-native-purchases:compileReleaseJavaWithJavac
[RUN_GRADLEW] Note: Some input files use or override a deprecated API.
[RUN_GRADLEW] Note: Recompile with -Xlint:deprecation for details.
[RUN_GRADLEW] Note: /tmp/emre/eas-build-local-nodejs/315c31c7-5049-4f6e-a6ac-1b06071346d8/build/node_modules/react-native-purchases/android/src/main/java/com/revenuecat/purchases/react/RNPurchasesModule.java uses unchecked or unsafe operations.
[RUN_GRADLEW] Note: Recompile with -Xlint:unchecked for details.
[RUN_GRADLEW] 1 warning
[RUN_GRADLEW] > Task :react-native-masked-view_masked-view:bundleLibRuntimeToDirRelease
[RUN_GRADLEW] > Task :react-native-nitro-modules:buildCMakeRelWithDebInfo[arm64-v8a]
[RUN_GRADLEW] C/C++: Hard link from '/home/emre/.gradle/caches/9.3.1/transforms/e88424997ecf7ed9545c92fde2f71276/transformed/react-android-0.86.2-release/prefab/modules/reactnative/libs/android.arm64-v8a/libreactnative.so' to '/tmp/emre/eas-build-local-nodejs/315c31c7-5049-4f6e-a6ac-1b06071346d8/build/node_modules/react-native-nitro-modules/android/build/intermediates/cxx/RelWithDebInfo/164t1n4v/obj/arm64-v8a/libreactnative.so' failed. Doing a slower copy instead.
[RUN_GRADLEW] C/C++: Hard link from '/home/emre/.gradle/caches/9.3.1/transforms/e88424997ecf7ed9545c92fde2f71276/transformed/react-android-0.86.2-release/prefab/modules/reactnative/libs/android.arm64-v8a/libreactnative.so' to '/tmp/emre/eas-build-local-nodejs/315c31c7-5049-4f6e-a6ac-1b06071346d8/build/node_modules/react-native-nitro-modules/android/build/intermediates/cxx/RelWithDebInfo/164t1n4v/obj/arm64-v8a/libreactnative.so' failed. Doing a slower copy instead.
[RUN_GRADLEW] > Task :amplitude_analytics-react-native:bundleLibCompileToJarRelease
[RUN_GRADLEW] > Task :amplitude_analytics-react-native:compileReleaseLibraryResources
[RUN_GRADLEW] > Task :expo:writeReleaseAarMetadata
[RUN_GRADLEW] > Task :react-native-purchases:bundleLibRuntimeToDirRelease
[RUN_GRADLEW] > Task :expo-constants:writeReleaseAarMetadata
[RUN_GRADLEW] > Task :amplitude_analytics-react-native:writeReleaseAarMetadata
[RUN_GRADLEW] > Task :expo-dev-client:writeReleaseAarMetadata
[RUN_GRADLEW] > Task :expo-dev-launcher:writeReleaseAarMetadata
[RUN_GRADLEW] > Task :expo-dev-menu:writeReleaseAarMetadata
[RUN_GRADLEW] > Task :expo-dev-menu-interface:writeReleaseAarMetadata
[RUN_GRADLEW] > Task :expo-json-utils:writeReleaseAarMetadata
[RUN_GRADLEW] > Task :expo-log-box:writeReleaseAarMetadata
[RUN_GRADLEW] > Task :react-native-async-storage_async-storage:bundleLibRuntimeToDirRelease
[RUN_GRADLEW] > Task :expo-manifests:writeReleaseAarMetadata
[RUN_GRADLEW] > Task :react-native-purchases-ui:compileReleaseJavaWithJavac
[RUN_GRADLEW] > Task :expo-modules-core:writeReleaseAarMetadata
[RUN_GRADLEW] > Task :expo-updates-interface:writeReleaseAarMetadata
[RUN_GRADLEW] > Task :react-native-async-storage_async-storage:writeReleaseAarMetadata
[RUN_GRADLEW] > Task :app:checkReleaseDuplicateClasses
[RUN_GRADLEW] > Task :react-native-community_datetimepicker:writeReleaseAarMetadata
[RUN_GRADLEW] > Task :react-native-purchases-ui:bundleLibRuntimeToDirRelease
[RUN_GRADLEW] > Task :react-native-community_netinfo:writeReleaseAarMetadata
[RUN_GRADLEW] > Task :react-native-gesture-handler:writeReleaseAarMetadata
[RUN_GRADLEW] > Task :react-native-masked-view_masked-view:writeReleaseAarMetadata
[RUN_GRADLEW] > Task :react-native-mmkv:writeReleaseAarMetadata
[RUN_GRADLEW] > Task :react-native-purchases-ui:writeReleaseAarMetadata
[RUN_GRADLEW] > Task :react-native-purchases:writeReleaseAarMetadata
[RUN_GRADLEW] > Task :react-native-reanimated:writeReleaseAarMetadata
[RUN_GRADLEW] > Task :react-native-safe-area-context:writeReleaseAarMetadata
[RUN_GRADLEW] > Task :sentry_react-native:writeReleaseAarMetadata
[RUN_GRADLEW] > Task :react-native-svg:writeReleaseAarMetadata
[RUN_GRADLEW] > Task :solana-mobile_mobile-wallet-adapter-protocol:writeReleaseAarMetadata
[RUN_GRADLEW] > Task :amplitude_analytics-react-native:extractDeepLinksRelease
[RUN_GRADLEW] > Task :expo:extractDeepLinksRelease
[RUN_GRADLEW] > Task :expo-constants:extractDeepLinksRelease
[RUN_GRADLEW] > Task :app:buildKotlinToolingMetadata
[RUN_GRADLEW] > Task :app:checkKotlinGradlePluginConfigurationErrors SKIPPED
[RUN_GRADLEW] > Task :app:generateReleaseBuildConfig
[RUN_GRADLEW] > Task :expo-dev-client:extractDeepLinksRelease
[RUN_GRADLEW] > Task :expo-dev-launcher:extractDeepLinksRelease
[RUN_GRADLEW] > Task :expo-constants:processReleaseManifest
[RUN_GRADLEW] > Task :expo-dev-client:processReleaseManifest
[RUN_GRADLEW] > Task :amplitude_analytics-react-native:processReleaseManifest
[RUN_GRADLEW] > Task :expo-dev-launcher:processReleaseManifest
[RUN_GRADLEW] > Task :expo:processReleaseManifest
[RUN_GRADLEW] > Task :expo-dev-menu:extractDeepLinksRelease
[RUN_GRADLEW] > Task :expo-dev-menu-interface:extractDeepLinksRelease
[RUN_GRADLEW] > Task :expo-manifests:extractDeepLinksRelease
[RUN_GRADLEW] > Task :expo-log-box:extractDeepLinksRelease
[RUN_GRADLEW] > Task :expo-json-utils:extractDeepLinksRelease
[RUN_GRADLEW] > Task :expo-manifests:processReleaseManifest
[RUN_GRADLEW] > Task :expo-log-box:processReleaseManifest
[RUN_GRADLEW] > Task :expo-dev-menu-interface:processReleaseManifest
[RUN_GRADLEW] > Task :expo-dev-menu:processReleaseManifest
[RUN_GRADLEW] > Task :expo-json-utils:processReleaseManifest
[RUN_GRADLEW] > Task :expo-modules-core:extractDeepLinksRelease
[RUN_GRADLEW] > Task :expo-updates-interface:extractDeepLinksRelease
[RUN_GRADLEW] > Task :react-native-async-storage_async-storage:extractDeepLinksRelease
[RUN_GRADLEW] > Task :react-native-community_datetimepicker:extractDeepLinksRelease
[RUN_GRADLEW] > Task :react-native-community_netinfo:extractDeepLinksRelease
[RUN_GRADLEW] > Task :expo-modules-core:processReleaseManifest
[RUN_GRADLEW] /tmp/emre/eas-build-local-nodejs/315c31c7-5049-4f6e-a6ac-1b06071346d8/build/node_modules/expo-modules-core/android/src/main/AndroidManifest.xml:8:9-11:45 Warning:
[RUN_GRADLEW] 	meta-data#com.facebook.soloader.enabled@android:value was tagged at AndroidManifest.xml:8 to replace other declarations but no other declaration present
[RUN_GRADLEW] > Task :react-native-community_datetimepicker:processReleaseManifest
[RUN_GRADLEW] > Task :react-native-async-storage_async-storage:processReleaseManifest
[RUN_GRADLEW] package="com.reactnativecommunity.asyncstorage" found in source AndroidManifest.xml: /tmp/emre/eas-build-local-nodejs/315c31c7-5049-4f6e-a6ac-1b06071346d8/build/node_modules/@react-native-async-storage/async-storage/android/src/main/AndroidManifest.xml.
[RUN_GRADLEW] Setting the namespace via the package attribute in the source AndroidManifest.xml is no longer supported, and the value is ignored.
[RUN_GRADLEW] Recommendation: remove package="com.reactnativecommunity.asyncstorage" from the source AndroidManifest.xml: /tmp/emre/eas-build-local-nodejs/315c31c7-5049-4f6e-a6ac-1b06071346d8/build/node_modules/@react-native-async-storage/async-storage/android/src/main/AndroidManifest.xml.
[RUN_GRADLEW] > Task :react-native-gesture-handler:extractDeepLinksRelease
[RUN_GRADLEW] > Task :react-native-masked-view_masked-view:extractDeepLinksRelease
[RUN_GRADLEW] > Task :react-native-mmkv:extractDeepLinksRelease
[RUN_GRADLEW] > Task :react-native-community_netinfo:processReleaseManifest
[RUN_GRADLEW] package="com.reactnativecommunity.netinfo" found in source AndroidManifest.xml: /tmp/emre/eas-build-local-nodejs/315c31c7-5049-4f6e-a6ac-1b06071346d8/build/node_modules/@react-native-community/netinfo/android/src/main/AndroidManifest.xml.
[RUN_GRADLEW] Setting the namespace via the package attribute in the source AndroidManifest.xml is no longer supported, and the value is ignored.
[RUN_GRADLEW] Recommendation: remove package="com.reactnativecommunity.netinfo" from the source AndroidManifest.xml: /tmp/emre/eas-build-local-nodejs/315c31c7-5049-4f6e-a6ac-1b06071346d8/build/node_modules/@react-native-community/netinfo/android/src/main/AndroidManifest.xml.
[RUN_GRADLEW] > Task :expo-updates-interface:processReleaseManifest
[RUN_GRADLEW] > Task :react-native-purchases:extractDeepLinksRelease
[RUN_GRADLEW] > Task :react-native-purchases-ui:extractDeepLinksRelease
[RUN_GRADLEW] > Task :react-native-gesture-handler:processReleaseManifest
[RUN_GRADLEW] > Task :react-native-masked-view_masked-view:processReleaseManifest
[RUN_GRADLEW] > Task :react-native-reanimated:extractDeepLinksRelease
[RUN_GRADLEW] > Task :react-native-safe-area-context:extractDeepLinksRelease
[RUN_GRADLEW] > Task :react-native-mmkv:processReleaseManifest
[RUN_GRADLEW] > Task :react-native-svg:extractDeepLinksRelease
[RUN_GRADLEW] > Task :react-native-purchases:processReleaseManifest
[RUN_GRADLEW] package="com.revenuecat.purchases.react" found in source AndroidManifest.xml: /tmp/emre/eas-build-local-nodejs/315c31c7-5049-4f6e-a6ac-1b06071346d8/build/node_modules/react-native-purchases/android/src/main/AndroidManifest.xml.
[RUN_GRADLEW] Setting the namespace via the package attribute in the source AndroidManifest.xml is no longer supported, and the value is ignored.
[RUN_GRADLEW] Recommendation: remove package="com.revenuecat.purchases.react" from the source AndroidManifest.xml: /tmp/emre/eas-build-local-nodejs/315c31c7-5049-4f6e-a6ac-1b06071346d8/build/node_modules/react-native-purchases/android/src/main/AndroidManifest.xml.
[RUN_GRADLEW] > Task :react-native-purchases-ui:processReleaseManifest
[RUN_GRADLEW] > Task :sentry_react-native:extractDeepLinksRelease
[RUN_GRADLEW] > Task :solana-mobile_mobile-wallet-adapter-protocol:extractDeepLinksRelease
[RUN_GRADLEW] > Task :react-native-safe-area-context:processReleaseManifest
[RUN_GRADLEW] package="com.th3rdwave.safeareacontext" found in source AndroidManifest.xml: /tmp/emre/eas-build-local-nodejs/315c31c7-5049-4f6e-a6ac-1b06071346d8/build/node_modules/react-native-safe-area-context/android/src/main/AndroidManifest.xml.
[RUN_GRADLEW] Setting the namespace via the package attribute in the source AndroidManifest.xml is no longer supported, and the value is ignored.
[RUN_GRADLEW] Recommendation: remove package="com.th3rdwave.safeareacontext" from the source AndroidManifest.xml: /tmp/emre/eas-build-local-nodejs/315c31c7-5049-4f6e-a6ac-1b06071346d8/build/node_modules/react-native-safe-area-context/android/src/main/AndroidManifest.xml.
[RUN_GRADLEW] > Task :react-native-reanimated:processReleaseManifest
[RUN_GRADLEW] > Task :expo-constants:compileReleaseLibraryResources
[RUN_GRADLEW] > Task :expo:compileReleaseLibraryResources
[RUN_GRADLEW] > Task :react-native-svg:processReleaseManifest
[RUN_GRADLEW] > Task :solana-mobile_mobile-wallet-adapter-protocol:processReleaseManifest
[RUN_GRADLEW] package="com.solanamobile.mobilewalletadapter.reactnative" found in source AndroidManifest.xml: /tmp/emre/eas-build-local-nodejs/315c31c7-5049-4f6e-a6ac-1b06071346d8/build/node_modules/@solana-mobile/mobile-wallet-adapter-protocol/android/src/main/AndroidManifest.xml.
[RUN_GRADLEW] Setting the namespace via the package attribute in the source AndroidManifest.xml is no longer supported, and the value is ignored.
[RUN_GRADLEW] Recommendation: remove package="com.solanamobile.mobilewalletadapter.reactnative" from the source AndroidManifest.xml: /tmp/emre/eas-build-local-nodejs/315c31c7-5049-4f6e-a6ac-1b06071346d8/build/node_modules/@solana-mobile/mobile-wallet-adapter-protocol/android/src/main/AndroidManifest.xml.
[RUN_GRADLEW] > Task :sentry_react-native:processReleaseManifest
[RUN_GRADLEW] package="io.sentry.react" found in source AndroidManifest.xml: /tmp/emre/eas-build-local-nodejs/315c31c7-5049-4f6e-a6ac-1b06071346d8/build/node_modules/@sentry/react-native/android/src/main/AndroidManifest.xml.
[RUN_GRADLEW] Setting the namespace via the package attribute in the source AndroidManifest.xml is no longer supported, and the value is ignored.
[RUN_GRADLEW] Recommendation: remove package="io.sentry.react" from the source AndroidManifest.xml: /tmp/emre/eas-build-local-nodejs/315c31c7-5049-4f6e-a6ac-1b06071346d8/build/node_modules/@sentry/react-native/android/src/main/AndroidManifest.xml.
[RUN_GRADLEW] > Task :expo-dev-client:compileReleaseLibraryResources
[RUN_GRADLEW] > Task :expo-dev-menu-interface:compileReleaseLibraryResources
[RUN_GRADLEW] > Task :expo-json-utils:compileReleaseLibraryResources
[RUN_GRADLEW] > Task :expo-dev-launcher:compileReleaseLibraryResources
[RUN_GRADLEW] > Task :expo-dev-menu:compileReleaseLibraryResources
[RUN_GRADLEW] > Task :expo-log-box:compileReleaseLibraryResources
[RUN_GRADLEW] > Task :expo-manifests:compileReleaseLibraryResources
[RUN_GRADLEW] > Task :expo-updates-interface:compileReleaseLibraryResources
[RUN_GRADLEW] > Task :react-native-async-storage_async-storage:compileReleaseLibraryResources
[RUN_GRADLEW] > Task :expo-modules-core:compileReleaseLibraryResources
[RUN_GRADLEW] > Task :react-native-community_netinfo:compileReleaseLibraryResources
[RUN_GRADLEW] > Task :react-native-community_datetimepicker:compileReleaseLibraryResources
[RUN_GRADLEW] > Task :react-native-mmkv:compileReleaseLibraryResources
[RUN_GRADLEW] > Task :react-native-gesture-handler:compileReleaseLibraryResources
[RUN_GRADLEW] > Task :react-native-masked-view_masked-view:compileReleaseLibraryResources
[RUN_GRADLEW] > Task :react-native-purchases:compileReleaseLibraryResources
[RUN_GRADLEW] > Task :react-native-purchases-ui:compileReleaseLibraryResources
[RUN_GRADLEW] > Task :react-native-reanimated:compileReleaseLibraryResources
[RUN_GRADLEW] > Task :sentry_react-native:compileReleaseLibraryResources
[RUN_GRADLEW] > Task :react-native-svg:compileReleaseLibraryResources
[RUN_GRADLEW] > Task :solana-mobile_mobile-wallet-adapter-protocol:compileReleaseLibraryResources
[RUN_GRADLEW] > Task :react-native-safe-area-context:compileReleaseLibraryResources
[RUN_GRADLEW] > Task :react-native-async-storage_async-storage:bundleLibCompileToJarRelease
[RUN_GRADLEW] > Task :react-native-community_netinfo:bundleLibCompileToJarRelease
[RUN_GRADLEW] > Task :react-native-masked-view_masked-view:bundleLibCompileToJarRelease
[RUN_GRADLEW] > Task :react-native-purchases:bundleLibCompileToJarRelease
[RUN_GRADLEW] > Task :react-native-community_datetimepicker:bundleLibCompileToJarRelease
[RUN_GRADLEW] > Task :react-native-purchases-ui:bundleLibCompileToJarRelease
[RUN_GRADLEW] > Task :amplitude_analytics-react-native:prepareReleaseArtProfile
[RUN_GRADLEW] > Task :react-native-safe-area-context:bundleLibCompileToJarRelease
[RUN_GRADLEW] > Task :expo:prepareReleaseArtProfile
[RUN_GRADLEW] > Task :solana-mobile_mobile-wallet-adapter-protocol:bundleLibCompileToJarRelease
[RUN_GRADLEW] > Task :sentry_react-native:bundleLibCompileToJarRelease
[RUN_GRADLEW] > Task :expo-constants:prepareReleaseArtProfile
[RUN_GRADLEW] > Task :expo-dev-client:prepareReleaseArtProfile
[RUN_GRADLEW] > Task :expo-dev-menu-interface:prepareReleaseArtProfile
[RUN_GRADLEW] > Task :expo-dev-launcher:prepareReleaseArtProfile
[RUN_GRADLEW] > Task :expo-dev-menu:prepareReleaseArtProfile
[RUN_GRADLEW] > Task :expo-json-utils:prepareReleaseArtProfile
[RUN_GRADLEW] > Task :expo-log-box:prepareReleaseArtProfile
[RUN_GRADLEW] > Task :expo-manifests:prepareReleaseArtProfile
[RUN_GRADLEW] > Task :expo-modules-core:prepareReleaseArtProfile
[RUN_GRADLEW] > Task :react-native-async-storage_async-storage:prepareReleaseArtProfile
[RUN_GRADLEW] > Task :expo-updates-interface:prepareReleaseArtProfile
[RUN_GRADLEW] > Task :react-native-community_datetimepicker:prepareReleaseArtProfile
[RUN_GRADLEW] > Task :react-native-community_netinfo:prepareReleaseArtProfile
[RUN_GRADLEW] > Task :react-native-mmkv:prepareReleaseArtProfile
[RUN_GRADLEW] > Task :react-native-masked-view_masked-view:prepareReleaseArtProfile
[RUN_GRADLEW] > Task :react-native-gesture-handler:prepareReleaseArtProfile
[RUN_GRADLEW] > Task :react-native-purchases:prepareReleaseArtProfile
[RUN_GRADLEW] > Task :react-native-reanimated:prepareReleaseArtProfile
[RUN_GRADLEW] > Task :react-native-purchases-ui:prepareReleaseArtProfile
[RUN_GRADLEW] > Task :react-native-safe-area-context:prepareReleaseArtProfile
[RUN_GRADLEW] > Task :sentry_react-native:prepareReleaseArtProfile
[RUN_GRADLEW] > Task :react-native-svg:prepareReleaseArtProfile
[RUN_GRADLEW] > Task :solana-mobile_mobile-wallet-adapter-protocol:prepareReleaseArtProfile
[RUN_GRADLEW] > Task :amplitude_analytics-react-native:bundleLibRuntimeToJarRelease
[RUN_GRADLEW] > Task :react-native-community_datetimepicker:bundleLibRuntimeToJarRelease
[RUN_GRADLEW] > Task :solana-mobile_mobile-wallet-adapter-protocol:bundleLibRuntimeToJarRelease
[RUN_GRADLEW] > Task :react-native-purchases-ui:bundleLibRuntimeToJarRelease
[RUN_GRADLEW] > Task :react-native-safe-area-context:bundleLibRuntimeToJarRelease
[RUN_GRADLEW] > Task :react-native-community_netinfo:bundleLibRuntimeToJarRelease
[RUN_GRADLEW] > Task :react-native-nitro-modules:configureCMakeRelWithDebInfo[armeabi-v7a]
[RUN_GRADLEW] > Task :sentry_react-native:bundleLibRuntimeToJarRelease
[RUN_GRADLEW] > Task :app:createBundleReleaseJsAndAssets
[RUN_GRADLEW] [33m› [1m[@sentry/react-native/expo][22m Missing config for [1morganization, project[22m. Environment variables will be used as a fallback during the build. https://docs.sentry.io/platforms/react-native/manual-setup/[0m
[RUN_GRADLEW] > Task :react-native-purchases:bundleLibRuntimeToJarRelease
[RUN_GRADLEW] > Task :react-native-svg:bundleLibRuntimeToJarRelease
[RUN_GRADLEW] > Task :react-native-async-storage_async-storage:bundleLibRuntimeToJarRelease
[RUN_GRADLEW] > Task :react-native-masked-view_masked-view:bundleLibRuntimeToJarRelease
[RUN_GRADLEW] > Task :amplitude_analytics-react-native:mergeReleaseShaders
[RUN_GRADLEW] > Task :amplitude_analytics-react-native:compileReleaseShaders NO-SOURCE
[RUN_GRADLEW] > Task :amplitude_analytics-react-native:generateReleaseAssets UP-TO-DATE
[RUN_GRADLEW] > Task :amplitude_analytics-react-native:mergeReleaseAssets
[RUN_GRADLEW] > Task :app:createBundleReleaseJsAndAssets
[RUN_GRADLEW] Using src/app as the root directory for Expo Router.
[RUN_GRADLEW] > Task :expo:mergeReleaseShaders
[RUN_GRADLEW] > Task :expo:compileReleaseShaders NO-SOURCE
[RUN_GRADLEW] > Task :expo:generateReleaseAssets UP-TO-DATE
[RUN_GRADLEW] > Task :expo-constants:mergeReleaseShaders
[RUN_GRADLEW] > Task :expo-constants:compileReleaseShaders NO-SOURCE
[RUN_GRADLEW] > Task :expo-constants:generateReleaseAssets UP-TO-DATE
[RUN_GRADLEW] > Task :expo:mergeReleaseAssets
[RUN_GRADLEW] > Task :expo-dev-client:mergeReleaseShaders
[RUN_GRADLEW] > Task :expo-dev-client:compileReleaseShaders NO-SOURCE
[RUN_GRADLEW] > Task :expo-dev-client:generateReleaseAssets UP-TO-DATE
[RUN_GRADLEW] > Task :expo-dev-client:mergeReleaseAssets
[RUN_GRADLEW] > Task :expo-constants:mergeReleaseAssets
[RUN_GRADLEW] > Task :expo-dev-launcher:mergeReleaseShaders
[RUN_GRADLEW] > Task :expo-dev-launcher:compileReleaseShaders NO-SOURCE
[RUN_GRADLEW] > Task :expo-dev-menu:mergeReleaseShaders
[RUN_GRADLEW] > Task :expo-dev-launcher:generateReleaseAssets UP-TO-DATE
[RUN_GRADLEW] > Task :expo-dev-menu:compileReleaseShaders NO-SOURCE
[RUN_GRADLEW] > Task :expo-dev-menu:generateReleaseAssets UP-TO-DATE
[RUN_GRADLEW] > Task :expo-dev-launcher:mergeReleaseAssets
[RUN_GRADLEW] > Task :expo-dev-menu-interface:mergeReleaseShaders
[RUN_GRADLEW] > Task :expo-dev-menu:mergeReleaseAssets
[RUN_GRADLEW] > Task :expo-json-utils:mergeReleaseShaders
[RUN_GRADLEW] > Task :expo-json-utils:compileReleaseShaders NO-SOURCE
[RUN_GRADLEW] > Task :expo-json-utils:generateReleaseAssets UP-TO-DATE
[RUN_GRADLEW] > Task :expo-dev-menu-interface:compileReleaseShaders NO-SOURCE
[RUN_GRADLEW] > Task :expo-dev-menu-interface:generateReleaseAssets UP-TO-DATE
[RUN_GRADLEW] > Task :expo-log-box:mergeReleaseShaders
[RUN_GRADLEW] > Task :expo-log-box:compileReleaseShaders NO-SOURCE
[RUN_GRADLEW] > Task :expo-log-box:generateReleaseAssets UP-TO-DATE
[RUN_GRADLEW] > Task :expo-json-utils:mergeReleaseAssets
[RUN_GRADLEW] > Task :expo-dev-menu-interface:mergeReleaseAssets
[RUN_GRADLEW] > Task :expo-log-box:mergeReleaseAssets
[RUN_GRADLEW] > Task :expo-modules-core:mergeReleaseShaders
[RUN_GRADLEW] > Task :expo-manifests:mergeReleaseShaders
[RUN_GRADLEW] > Task :expo-modules-core:compileReleaseShaders NO-SOURCE
[RUN_GRADLEW] > Task :expo-modules-core:generateReleaseAssets UP-TO-DATE
[RUN_GRADLEW] > Task :expo-manifests:compileReleaseShaders NO-SOURCE
[RUN_GRADLEW] > Task :expo-manifests:generateReleaseAssets UP-TO-DATE
[RUN_GRADLEW] > Task :expo-updates-interface:mergeReleaseShaders
[RUN_GRADLEW] > Task :expo-updates-interface:compileReleaseShaders NO-SOURCE
[RUN_GRADLEW] > Task :expo-updates-interface:generateReleaseAssets UP-TO-DATE
[RUN_GRADLEW] > Task :expo-manifests:mergeReleaseAssets
[RUN_GRADLEW] > Task :expo-modules-core:mergeReleaseAssets
[RUN_GRADLEW] > Task :expo-updates-interface:mergeReleaseAssets
[RUN_GRADLEW] > Task :react-native-community_datetimepicker:mergeReleaseShaders
[RUN_GRADLEW] > Task :react-native-async-storage_async-storage:mergeReleaseShaders
[RUN_GRADLEW] > Task :react-native-community_netinfo:mergeReleaseShaders
[RUN_GRADLEW] > Task :react-native-community_datetimepicker:compileReleaseShaders NO-SOURCE
[RUN_GRADLEW] > Task :react-native-async-storage_async-storage:compileReleaseShaders NO-SOURCE
[RUN_GRADLEW] > Task :react-native-async-storage_async-storage:generateReleaseAssets UP-TO-DATE
[RUN_GRADLEW] > Task :react-native-community_netinfo:compileReleaseShaders NO-SOURCE
[RUN_GRADLEW] > Task :react-native-community_datetimepicker:generateReleaseAssets UP-TO-DATE
[RUN_GRADLEW] > Task :react-native-community_netinfo:generateReleaseAssets UP-TO-DATE
[RUN_GRADLEW] > Task :react-native-async-storage_async-storage:mergeReleaseAssets
[RUN_GRADLEW] > Task :react-native-community_netinfo:mergeReleaseAssets
[RUN_GRADLEW] > Task :react-native-community_datetimepicker:mergeReleaseAssets
[RUN_GRADLEW] > Task :react-native-masked-view_masked-view:mergeReleaseShaders
[RUN_GRADLEW] > Task :react-native-gesture-handler:mergeReleaseShaders
[RUN_GRADLEW] > Task :react-native-mmkv:mergeReleaseShaders
[RUN_GRADLEW] > Task :react-native-gesture-handler:compileReleaseShaders NO-SOURCE
[RUN_GRADLEW] > Task :react-native-masked-view_masked-view:compileReleaseShaders NO-SOURCE
[RUN_GRADLEW] > Task :react-native-gesture-handler:generateReleaseAssets UP-TO-DATE
[RUN_GRADLEW] > Task :react-native-mmkv:compileReleaseShaders NO-SOURCE
[RUN_GRADLEW] > Task :react-native-mmkv:generateReleaseAssets UP-TO-DATE
[RUN_GRADLEW] > Task :react-native-masked-view_masked-view:generateReleaseAssets UP-TO-DATE
[RUN_GRADLEW] > Task :app:createBundleReleaseJsAndAssets
[RUN_GRADLEW] React Compiler enabled
[RUN_GRADLEW] > Task :react-native-gesture-handler:mergeReleaseAssets
[RUN_GRADLEW] > Task :react-native-masked-view_masked-view:mergeReleaseAssets
[RUN_GRADLEW] > Task :react-native-mmkv:mergeReleaseAssets
[RUN_GRADLEW] > Task :react-native-purchases-ui:mergeReleaseShaders
[RUN_GRADLEW] > Task :react-native-purchases:mergeReleaseShaders
[RUN_GRADLEW] > Task :react-native-reanimated:mergeReleaseShaders
[RUN_GRADLEW] > Task :react-native-reanimated:compileReleaseShaders NO-SOURCE
[RUN_GRADLEW] > Task :react-native-reanimated:generateReleaseAssets UP-TO-DATE
[RUN_GRADLEW] > Task :react-native-purchases:compileReleaseShaders
[RUN_GRADLEW] NO-SOURCE
[RUN_GRADLEW] > Task :react-native-purchases-ui:compileReleaseShaders NO-SOURCE
[RUN_GRADLEW] > Task :react-native-purchases:generateReleaseAssets UP-TO-DATE
[RUN_GRADLEW] > Task :react-native-purchases-ui:generateReleaseAssets UP-TO-DATE
[RUN_GRADLEW] > Task :react-native-purchases:mergeReleaseAssets
[RUN_GRADLEW] > Task :react-native-reanimated:mergeReleaseAssets
[RUN_GRADLEW] > Task :react-native-purchases-ui:mergeReleaseAssets
[RUN_GRADLEW] > Task :react-native-safe-area-context:mergeReleaseShaders
[RUN_GRADLEW] > Task :react-native-svg:mergeReleaseShaders
[RUN_GRADLEW] > Task :sentry_react-native:mergeReleaseShaders
[RUN_GRADLEW] > Task :sentry_react-native:compileReleaseShaders NO-SOURCE
[RUN_GRADLEW] > Task :sentry_react-native:generateReleaseAssets UP-TO-DATE
[RUN_GRADLEW] > Task :react-native-svg:compileReleaseShaders NO-SOURCE
[RUN_GRADLEW] > Task :react-native-safe-area-context:compileReleaseShaders NO-SOURCE
[RUN_GRADLEW] > Task :react-native-svg:generateReleaseAssets UP-TO-DATE
[RUN_GRADLEW] > Task :react-native-safe-area-context:generateReleaseAssets UP-TO-DATE
[RUN_GRADLEW] > Task :sentry_react-native:mergeReleaseAssets
[RUN_GRADLEW] > Task :react-native-safe-area-context:mergeReleaseAssets
[RUN_GRADLEW] > Task :react-native-svg:mergeReleaseAssets
[RUN_GRADLEW] > Task :solana-mobile_mobile-wallet-adapter-protocol:mergeReleaseShaders
[RUN_GRADLEW] > Task :solana-mobile_mobile-wallet-adapter-protocol:compileReleaseShaders NO-SOURCE
[RUN_GRADLEW] > Task :solana-mobile_mobile-wallet-adapter-protocol:generateReleaseAssets UP-TO-DATE
[RUN_GRADLEW] > Task :solana-mobile_mobile-wallet-adapter-protocol:mergeReleaseAssets
[RUN_GRADLEW] > Task :amplitude_analytics-react-native:extractProguardFiles
[RUN_GRADLEW] > Task :expo:extractProguardFiles
[RUN_GRADLEW] > Task :expo-constants:extractProguardFiles
[RUN_GRADLEW] > Task :expo-modules-core:extractProguardFiles
[RUN_GRADLEW] > Task :expo-constants:prepareLintJarForPublish
[RUN_GRADLEW] > Task :expo-modules-core:prepareLintJarForPublish
[RUN_GRADLEW] > Task :expo-dev-launcher:extractProguardFiles
[RUN_GRADLEW] > Task :expo-dev-client:extractProguardFiles
[RUN_GRADLEW] > Task :app:createBundleReleaseJsAndAssets
[RUN_GRADLEW] Starting Metro Bundler
[RUN_GRADLEW] warning: Bundler cache is empty, rebuilding (this may take a minute)
[RUN_GRADLEW] > Task :expo-dev-launcher:prepareLintJarForPublish
[RUN_GRADLEW] > Task :expo-dev-client:prepareLintJarForPublish
[RUN_GRADLEW] > Task :expo-dev-menu:extractProguardFiles
[RUN_GRADLEW] > Task :expo-dev-menu-interface:extractProguardFiles
[RUN_GRADLEW] > Task :expo-json-utils:extractProguardFiles
[RUN_GRADLEW] > Task :expo-json-utils:prepareLintJarForPublish
[RUN_GRADLEW] > Task :expo-dev-menu-interface:prepareLintJarForPublish
[RUN_GRADLEW] > Task :expo-dev-menu:prepareLintJarForPublish
[RUN_GRADLEW] > Task :expo-log-box:extractProguardFiles
[RUN_GRADLEW] > Task :expo-manifests:extractProguardFiles
[RUN_GRADLEW] > Task :expo-updates-interface:extractProguardFiles
[RUN_GRADLEW] > Task :expo-log-box:prepareLintJarForPublish
[RUN_GRADLEW] > Task :expo-manifests:prepareLintJarForPublish
[RUN_GRADLEW] > Task :expo-updates-interface:prepareLintJarForPublish
[RUN_GRADLEW] > Task :expo:prepareLintJarForPublish
[RUN_GRADLEW] > Task :react-native-async-storage_async-storage:processReleaseJavaRes NO-SOURCE
[RUN_GRADLEW] > Task :react-native-community_netinfo:processReleaseJavaRes NO-SOURCE
[RUN_GRADLEW] > Task :react-native-gesture-handler:extractProguardFiles
[RUN_GRADLEW] > Task :react-native-community_netinfo:createFullJarRelease
[RUN_GRADLEW] > Task :react-native-async-storage_async-storage:createFullJarRelease
[RUN_GRADLEW] > Task :react-native-reanimated:extractProguardFiles
[RUN_GRADLEW] > Task :react-native-community_datetimepicker:processReleaseJavaRes
[RUN_GRADLEW] > Task :react-native-community_netinfo:extractProguardFiles
[RUN_GRADLEW] > Task :react-native-reanimated:prepareLintJarForPublish
[RUN_GRADLEW] > Task :react-native-svg:processReleaseJavaRes NO-SOURCE
[RUN_GRADLEW] > Task :react-native-async-storage_async-storage:extractProguardFiles
[RUN_GRADLEW] > Task :react-native-community_datetimepicker:createFullJarRelease
[RUN_GRADLEW] > Task :react-native-community_datetimepicker:extractProguardFiles
[RUN_GRADLEW] > Task :react-native-svg:createFullJarRelease
[RUN_GRADLEW] > Task :react-native-svg:extractProguardFiles
[RUN_GRADLEW] > Task :react-native-worklets:buildCMakeRelWithDebInfo[arm64-v8a][worklets]
[RUN_GRADLEW] C/C++: Hard link from '/home/emre/.gradle/caches/9.3.1/transforms/e88424997ecf7ed9545c92fde2f71276/transformed/react-android-0.86.2-release/prefab/modules/reactnative/libs/android.arm64-v8a/libreactnative.so' to '/tmp/emre/eas-build-local-nodejs/315c31c7-5049-4f6e-a6ac-1b06071346d8/build/node_modules/react-native-worklets/android/build/intermediates/cxx/RelWithDebInfo/5b3w672y/obj/arm64-v8a/libreactnative.so' failed. Doing a slower copy instead.
[RUN_GRADLEW] C/C++: Hard link from '/home/emre/.gradle/caches/9.3.1/transforms/e88424997ecf7ed9545c92fde2f71276/transformed/react-android-0.86.2-release/prefab/modules/reactnative/libs/android.arm64-v8a/libreactnative.so' to '/tmp/emre/eas-build-local-nodejs/315c31c7-5049-4f6e-a6ac-1b06071346d8/build/node_modules/react-native-worklets/android/build/intermediates/cxx/RelWithDebInfo/5b3w672y/obj/arm64-v8a/libreactnative.so' failed. Doing a slower copy instead.
[RUN_GRADLEW] > Task :react-native-svg:generateReleaseLintModel
[RUN_GRADLEW] > Task :react-native-community_netinfo:generateReleaseLintModel
[RUN_GRADLEW] > Task :react-native-async-storage_async-storage:generateReleaseLintModel
[RUN_GRADLEW] > Task :amplitude_analytics-react-native:generateReleaseLintVitalModel
[RUN_GRADLEW] > Task :react-native-svg:prepareLintJarForPublish
[RUN_GRADLEW] > Task :react-native-community_netinfo:prepareLintJarForPublish
[RUN_GRADLEW] > Task :react-native-async-storage_async-storage:prepareLintJarForPublish
[RUN_GRADLEW] > Task :react-native-masked-view_masked-view:processReleaseJavaRes NO-SOURCE
[RUN_GRADLEW] > Task :react-native-gesture-handler:prepareLintJarForPublish
[RUN_GRADLEW] > Task :react-native-masked-view_masked-view:createFullJarRelease
[RUN_GRADLEW] > Task :react-native-mmkv:extractProguardFiles
[RUN_GRADLEW] > Task :react-native-purchases:processReleaseJavaRes
[RUN_GRADLEW] > Task :react-native-mmkv:prepareLintJarForPublish
[RUN_GRADLEW] > Task :react-native-masked-view_masked-view:extractProguardFiles
[RUN_GRADLEW] > Task :react-native-purchases:createFullJarRelease
[RUN_GRADLEW] > Task :react-native-purchases:extractProguardFiles
[RUN_GRADLEW] > Task :react-native-purchases-ui:processReleaseJavaRes
[RUN_GRADLEW] > Task :react-native-purchases-ui:createFullJarRelease
[RUN_GRADLEW] > Task :react-native-purchases-ui:extractProguardFiles
[RUN_GRADLEW] > Task :react-native-masked-view_masked-view:generateReleaseLintModel
[RUN_GRADLEW] > Task :react-native-community_datetimepicker:generateReleaseLintModel
[RUN_GRADLEW] > Task :amplitude_analytics-react-native:processReleaseJavaRes
[RUN_GRADLEW] > Task :amplitude_analytics-react-native:createFullJarRelease
[RUN_GRADLEW] > Task :react-native-community_datetimepicker:prepareLintJarForPublish
[RUN_GRADLEW] > Task :amplitude_analytics-react-native:prepareLintJarForPublish
[RUN_GRADLEW] > Task :amplitude_analytics-react-native:generateReleaseLintModel
[RUN_GRADLEW] > Task :react-native-safe-area-context:processReleaseJavaRes
[RUN_GRADLEW] > Task :react-native-safe-area-context:createFullJarRelease
[RUN_GRADLEW] > Task :react-native-screens:buildCMakeRelWithDebInfo[armeabi-v7a]
[RUN_GRADLEW] > Task :react-native-safe-area-context:extractProguardFiles
[RUN_GRADLEW] > Task :react-native-masked-view_masked-view:prepareLintJarForPublish
[RUN_GRADLEW] > Task :sentry_react-native:processReleaseJavaRes NO-SOURCE
[RUN_GRADLEW] > Task :sentry_react-native:createFullJarRelease
[RUN_GRADLEW] > Task :react-native-safe-area-context:generateReleaseLintModel
[RUN_GRADLEW] > Task :sentry_react-native:extractProguardFiles
[RUN_GRADLEW] > Task :react-native-safe-area-context:prepareLintJarForPublish
[RUN_GRADLEW] > Task :solana-mobile_mobile-wallet-adapter-protocol:processReleaseJavaRes
[RUN_GRADLEW] > Task :solana-mobile_mobile-wallet-adapter-protocol:createFullJarRelease
[RUN_GRADLEW] > Task :solana-mobile_mobile-wallet-adapter-protocol:extractProguardFiles
[RUN_GRADLEW] > Task :solana-mobile_mobile-wallet-adapter-protocol:generateReleaseLintModel
[RUN_GRADLEW] > Task :solana-mobile_mobile-wallet-adapter-protocol:prepareLintJarForPublish
[RUN_GRADLEW] > Task :sentry_react-native:generateReleaseLintModel
[RUN_GRADLEW] > Task :react-native-purchases:generateReleaseLintModel
[RUN_GRADLEW] > Task :amplitude_analytics-react-native:stripReleaseDebugSymbols NO-SOURCE
[RUN_GRADLEW] > Task :react-native-purchases:prepareLintJarForPublish
[RUN_GRADLEW] > Task :sentry_react-native:prepareLintJarForPublish
[RUN_GRADLEW] > Task :react-native-community_datetimepicker:stripReleaseDebugSymbols NO-SOURCE
[RUN_GRADLEW] > Task :amplitude_analytics-react-native:extractDeepLinksForAarRelease
[RUN_GRADLEW] > Task :amplitude_analytics-react-native:copyReleaseJniLibsProjectAndLocalJars
[RUN_GRADLEW] > Task :react-native-community_datetimepicker:copyReleaseJniLibsProjectAndLocalJars
[RUN_GRADLEW] > Task :react-native-gesture-handler:extractDeepLinksForAarRelease
[RUN_GRADLEW] > Task :react-native-mmkv:extractDeepLinksForAarRelease
[RUN_GRADLEW] > Task :react-native-community_datetimepicker:extractDeepLinksForAarRelease
[RUN_GRADLEW] > Task :react-native-reanimated:extractDeepLinksForAarRelease
[RUN_GRADLEW] > Task :react-native-safe-area-context:stripReleaseDebugSymbols NO-SOURCE
[RUN_GRADLEW] > Task :amplitude_analytics-react-native:extractReleaseAnnotations
[RUN_GRADLEW] > Task :react-native-community_datetimepicker:extractReleaseAnnotations
[RUN_GRADLEW] > Task :amplitude_analytics-react-native:mergeReleaseGeneratedProguardFiles
[RUN_GRADLEW] > Task :react-native-community_datetimepicker:mergeReleaseGeneratedProguardFiles
[RUN_GRADLEW] > Task :react-native-community_datetimepicker:mergeReleaseConsumerProguardFiles
[RUN_GRADLEW] > Task :amplitude_analytics-react-native:mergeReleaseConsumerProguardFiles
[RUN_GRADLEW] > Task :react-native-safe-area-context:copyReleaseJniLibsProjectAndLocalJars
[RUN_GRADLEW] > Task :react-native-screens:buildCMakeRelWithDebInfo[armeabi-v7a]
[RUN_GRADLEW] C/C++: Hard link from '/home/emre/.gradle/caches/9.3.1/transforms/e88424997ecf7ed9545c92fde2f71276/transformed/react-android-0.86.2-release/prefab/modules/reactnative/libs/android.armeabi-v7a/libreactnative.so' to '/tmp/emre/eas-build-local-nodejs/315c31c7-5049-4f6e-a6ac-1b06071346d8/build/node_modules/react-native-screens/android/build/intermediates/cxx/RelWithDebInfo/i4y4s582/obj/armeabi-v7a/libreactnative.so' failed. Doing a slower copy instead.
[RUN_GRADLEW] C/C++: Hard link from '/home/emre/.gradle/caches/9.3.1/transforms/e88424997ecf7ed9545c92fde2f71276/transformed/react-android-0.86.2-release/prefab/modules/reactnative/libs/android.armeabi-v7a/libreactnative.so' to '/tmp/emre/eas-build-local-nodejs/315c31c7-5049-4f6e-a6ac-1b06071346d8/build/node_modules/react-native-screens/android/build/intermediates/cxx/RelWithDebInfo/i4y4s582/obj/armeabi-v7a/libreactnative.so' failed. Doing a slower copy instead.
[RUN_GRADLEW] > Task :react-native-safe-area-context:extractDeepLinksForAarRelease
[RUN_GRADLEW] > Task :react-native-safe-area-context:extractReleaseAnnotations
[RUN_GRADLEW] > Task :react-native-safe-area-context:mergeReleaseGeneratedProguardFiles
[RUN_GRADLEW] > Task :react-native-safe-area-context:mergeReleaseConsumerProguardFiles
[RUN_GRADLEW] > Task :react-native-purchases-ui:generateReleaseLintModel
[RUN_GRADLEW] > Task :react-native-purchases-ui:prepareLintJarForPublish
[RUN_GRADLEW] > Task :react-native-purchases-ui:stripReleaseDebugSymbols NO-SOURCE
[RUN_GRADLEW] > Task :react-native-purchases-ui:copyReleaseJniLibsProjectAndLocalJars
[RUN_GRADLEW] > Task :react-native-purchases-ui:extractDeepLinksForAarRelease
[RUN_GRADLEW] > Task :react-native-purchases-ui:extractReleaseAnnotations
[RUN_GRADLEW] > Task :react-native-community_datetimepicker:mergeReleaseJavaResource
[RUN_GRADLEW] > Task :amplitude_analytics-react-native:mergeReleaseJavaResource
[RUN_GRADLEW] > Task :react-native-safe-area-context:mergeReleaseJavaResource
[RUN_GRADLEW] > Task :amplitude_analytics-react-native:syncReleaseLibJars
[RUN_GRADLEW] > Task :react-native-safe-area-context:syncReleaseLibJars
[RUN_GRADLEW] > Task :react-native-community_datetimepicker:syncReleaseLibJars
[RUN_GRADLEW] > Task :react-native-safe-area-context:bundleReleaseLocalLintAar
[RUN_GRADLEW] > Task :amplitude_analytics-react-native:bundleReleaseLocalLintAar
[RUN_GRADLEW] > Task :react-native-community_datetimepicker:bundleReleaseLocalLintAar
[RUN_GRADLEW] > Task :react-native-purchases-ui:mergeReleaseGeneratedProguardFiles
[RUN_GRADLEW] > Task :react-native-purchases-ui:mergeReleaseConsumerProguardFiles
[RUN_GRADLEW] > Task :react-native-purchases-ui:mergeReleaseJavaResource
[RUN_GRADLEW] > Task :expo:stripReleaseDebugSymbols NO-SOURCE
[RUN_GRADLEW] > Task :solana-mobile_mobile-wallet-adapter-protocol:stripReleaseDebugSymbols NO-SOURCE
[RUN_GRADLEW] > Task :expo-modules-core:extractDeepLinksForAarRelease
[RUN_GRADLEW] > Task :react-native-community_netinfo:stripReleaseDebugSymbols NO-SOURCE
[RUN_GRADLEW] > Task :solana-mobile_mobile-wallet-adapter-protocol:copyReleaseJniLibsProjectAndLocalJars
[RUN_GRADLEW] > Task :expo:copyReleaseJniLibsProjectAndLocalJars
[RUN_GRADLEW] > Task :react-native-community_netinfo:copyReleaseJniLibsProjectAndLocalJars
[RUN_GRADLEW] > Task :solana-mobile_mobile-wallet-adapter-protocol:extractDeepLinksForAarRelease
[RUN_GRADLEW] > Task :expo:extractDeepLinksForAarRelease
[RUN_GRADLEW] > Task :react-native-community_netinfo:extractDeepLinksForAarRelease
[RUN_GRADLEW] > Task :sentry_react-native:stripReleaseDebugSymbols NO-SOURCE
[RUN_GRADLEW] > Task :react-native-purchases-ui:syncReleaseLibJars
[RUN_GRADLEW] > Task :sentry_react-native:copyReleaseJniLibsProjectAndLocalJars
[RUN_GRADLEW] > Task :sentry_react-native:extractDeepLinksForAarRelease
[RUN_GRADLEW] > Task :solana-mobile_mobile-wallet-adapter-protocol:extractReleaseAnnotations
[RUN_GRADLEW] > Task :react-native-purchases-ui:bundleReleaseLocalLintAar
[RUN_GRADLEW] > Task :solana-mobile_mobile-wallet-adapter-protocol:mergeReleaseGeneratedProguardFiles
[RUN_GRADLEW] > Task :react-native-community_netinfo:extractReleaseAnnotations
[RUN_GRADLEW] > Task :solana-mobile_mobile-wallet-adapter-protocol:mergeReleaseConsumerProguardFiles
[RUN_GRADLEW] > Task :react-native-community_netinfo:mergeReleaseGeneratedProguardFiles
[RUN_GRADLEW] > Task :react-native-purchases:stripReleaseDebugSymbols NO-SOURCE
[RUN_GRADLEW] > Task :sentry_react-native:extractReleaseAnnotations
[RUN_GRADLEW] > Task :react-native-purchases:copyReleaseJniLibsProjectAndLocalJars
[RUN_GRADLEW] > Task :react-native-community_netinfo:mergeReleaseConsumerProguardFiles
[RUN_GRADLEW] > Task :react-native-purchases:extractDeepLinksForAarRelease
[RUN_GRADLEW] > Task :sentry_react-native:mergeReleaseGeneratedProguardFiles
[RUN_GRADLEW] > Task :solana-mobile_mobile-wallet-adapter-protocol:mergeReleaseJavaResource
[RUN_GRADLEW] > Task :sentry_react-native:mergeReleaseConsumerProguardFiles
[RUN_GRADLEW] > Task :react-native-community_netinfo:mergeReleaseJavaResource
[RUN_GRADLEW] > Task :react-native-purchases:extractReleaseAnnotations
[RUN_GRADLEW] > Task :solana-mobile_mobile-wallet-adapter-protocol:syncReleaseLibJars
[RUN_GRADLEW] > Task :react-native-purchases:mergeReleaseGeneratedProguardFiles
[RUN_GRADLEW] > Task :react-native-community_netinfo:syncReleaseLibJars
[RUN_GRADLEW] > Task :react-native-purchases:mergeReleaseConsumerProguardFiles
[RUN_GRADLEW] > Task :solana-mobile_mobile-wallet-adapter-protocol:bundleReleaseLocalLintAar
[RUN_GRADLEW] > Task :react-native-purchases:mergeReleaseJavaResource
[RUN_GRADLEW] > Task :react-native-svg:stripReleaseDebugSymbols NO-SOURCE
[RUN_GRADLEW] > Task :react-native-community_netinfo:bundleReleaseLocalLintAar
[RUN_GRADLEW] > Task :react-native-svg:copyReleaseJniLibsProjectAndLocalJars
[RUN_GRADLEW] > Task :react-native-purchases:syncReleaseLibJars
[RUN_GRADLEW] > Task :react-native-async-storage_async-storage:stripReleaseDebugSymbols NO-SOURCE
[RUN_GRADLEW] > Task :react-native-svg:extractDeepLinksForAarRelease
[RUN_GRADLEW] > Task :react-native-async-storage_async-storage:copyReleaseJniLibsProjectAndLocalJars
[RUN_GRADLEW] > Task :react-native-purchases:bundleReleaseLocalLintAar
[RUN_GRADLEW] > Task :react-native-async-storage_async-storage:extractDeepLinksForAarRelease
[RUN_GRADLEW] > Task :react-native-masked-view_masked-view:stripReleaseDebugSymbols NO-SOURCE
[RUN_GRADLEW] > Task :react-native-masked-view_masked-view:copyReleaseJniLibsProjectAndLocalJars
[RUN_GRADLEW] > Task :react-native-svg:extractReleaseAnnotations
[RUN_GRADLEW] > Task :react-native-async-storage_async-storage:extractReleaseAnnotations
[RUN_GRADLEW] > Task :sentry_react-native:mergeReleaseJavaResource
[RUN_GRADLEW] > Task :expo-log-box:stripReleaseDebugSymbols NO-SOURCE
[RUN_GRADLEW] > Task :react-native-masked-view_masked-view:extractDeepLinksForAarRelease
[RUN_GRADLEW] > Task :react-native-async-storage_async-storage:mergeReleaseGeneratedProguardFiles
[RUN_GRADLEW] > Task :expo-log-box:copyReleaseJniLibsProjectAndLocalJars
[RUN_GRADLEW] > Task :react-native-svg:mergeReleaseGeneratedProguardFiles
[RUN_GRADLEW] > Task :expo-log-box:extractDeepLinksForAarRelease
[RUN_GRADLEW] > Task :react-native-async-storage_async-storage:mergeReleaseConsumerProguardFiles
[RUN_GRADLEW] > Task :expo-dev-launcher:stripReleaseDebugSymbols NO-SOURCE
[RUN_GRADLEW] > Task :react-native-svg:mergeReleaseConsumerProguardFiles
[RUN_GRADLEW] > Task :react-native-masked-view_masked-view:extractReleaseAnnotations
[RUN_GRADLEW] > Task :expo-dev-launcher:copyReleaseJniLibsProjectAndLocalJars
[RUN_GRADLEW] > Task :sentry_react-native:syncReleaseLibJars
[RUN_GRADLEW] > Task :react-native-async-storage_async-storage:mergeReleaseJavaResource
[RUN_GRADLEW] > Task :react-native-masked-view_masked-view:mergeReleaseGeneratedProguardFiles
[RUN_GRADLEW] > Task :expo-dev-launcher:extractDeepLinksForAarRelease
[RUN_GRADLEW] > Task :expo-dev-menu-interface:stripReleaseDebugSymbols NO-SOURCE
[RUN_GRADLEW] > Task :react-native-svg:mergeReleaseJavaResource
[RUN_GRADLEW] > Task :react-native-masked-view_masked-view:mergeReleaseConsumerProguardFiles
[RUN_GRADLEW] > Task :sentry_react-native:bundleReleaseLocalLintAar
[RUN_GRADLEW] > Task :expo-dev-menu-interface:copyReleaseJniLibsProjectAndLocalJars
[RUN_GRADLEW] > Task :react-native-async-storage_async-storage:syncReleaseLibJars
[RUN_GRADLEW] > Task :react-native-masked-view_masked-view:mergeReleaseJavaResource
[RUN_GRADLEW] > Task :expo-dev-menu-interface:extractDeepLinksForAarRelease
[RUN_GRADLEW] > Task :expo-dev-client:stripReleaseDebugSymbols NO-SOURCE
[RUN_GRADLEW] > Task :expo-constants:stripReleaseDebugSymbols NO-SOURCE
[RUN_GRADLEW] > Task :react-native-async-storage_async-storage:bundleReleaseLocalLintAar
[RUN_GRADLEW] > Task :expo-dev-client:copyReleaseJniLibsProjectAndLocalJars
[RUN_GRADLEW] > Task :expo-constants:copyReleaseJniLibsProjectAndLocalJars
[RUN_GRADLEW] > Task :react-native-masked-view_masked-view:syncReleaseLibJars
[RUN_GRADLEW] > Task :expo-dev-client:extractDeepLinksForAarRelease
[RUN_GRADLEW] > Task :expo-constants:extractDeepLinksForAarRelease
[RUN_GRADLEW] > Task :expo-dev-menu:stripReleaseDebugSymbols NO-SOURCE
[RUN_GRADLEW] > Task :expo-json-utils:stripReleaseDebugSymbols NO-SOURCE
[RUN_GRADLEW] > Task :expo-manifests:stripReleaseDebugSymbols NO-SOURCE
[RUN_GRADLEW] > Task :expo-dev-menu:copyReleaseJniLibsProjectAndLocalJars
[RUN_GRADLEW] > Task :react-native-masked-view_masked-view:bundleReleaseLocalLintAar
[RUN_GRADLEW] > Task :expo-dev-menu:extractDeepLinksForAarRelease
[RUN_GRADLEW] > Task :expo-manifests:copyReleaseJniLibsProjectAndLocalJars
[RUN_GRADLEW] > Task :react-native-worklets:configureCMakeRelWithDebInfo[armeabi-v7a]
[RUN_GRADLEW] > Task :expo-json-utils:copyReleaseJniLibsProjectAndLocalJars
[RUN_GRADLEW] > Task :expo-updates-interface:stripReleaseDebugSymbols NO-SOURCE
[RUN_GRADLEW] > Task :expo-manifests:extractDeepLinksForAarRelease
[RUN_GRADLEW] > Task :expo-json-utils:extractDeepLinksForAarRelease
[RUN_GRADLEW] > Task :expo-updates-interface:copyReleaseJniLibsProjectAndLocalJars
[RUN_GRADLEW] > Task :expo-constants:writeReleaseLintModelMetadata
[RUN_GRADLEW] > Task :expo-updates-interface:extractDeepLinksForAarRelease
[RUN_GRADLEW] > Task :amplitude_analytics-react-native:writeReleaseLintModelMetadata
[RUN_GRADLEW] > Task :expo-dev-client:writeReleaseLintModelMetadata
[RUN_GRADLEW] > Task :expo-dev-launcher:writeReleaseLintModelMetadata
[RUN_GRADLEW] > Task :expo-dev-menu:writeReleaseLintModelMetadata
[RUN_GRADLEW] > Task :expo-dev-menu-interface:writeReleaseLintModelMetadata
[RUN_GRADLEW] > Task :expo-json-utils:writeReleaseLintModelMetadata
[RUN_GRADLEW] > Task :expo-log-box:writeReleaseLintModelMetadata
[RUN_GRADLEW] > Task :expo-manifests:writeReleaseLintModelMetadata
[RUN_GRADLEW] > Task :expo-updates-interface:writeReleaseLintModelMetadata
[RUN_GRADLEW] > Task :expo-modules-core:writeReleaseLintModelMetadata
[RUN_GRADLEW] > Task :expo:writeReleaseLintModelMetadata
[RUN_GRADLEW] > Task :react-native-reanimated:writeReleaseLintModelMetadata
[RUN_GRADLEW] > Task :react-native-community_netinfo:writeReleaseLintModelMetadata
[RUN_GRADLEW] > Task :react-native-svg:syncReleaseLibJars
[RUN_GRADLEW] > Task :react-native-gesture-handler:writeReleaseLintModelMetadata
[RUN_GRADLEW] > Task :react-native-masked-view_masked-view:writeReleaseLintModelMetadata
[RUN_GRADLEW] > Task :react-native-mmkv:writeReleaseLintModelMetadata
[RUN_GRADLEW] > Task :react-native-purchases:writeReleaseLintModelMetadata
[RUN_GRADLEW] > Task :react-native-svg:bundleReleaseLocalLintAar
[RUN_GRADLEW] > Task :react-native-async-storage_async-storage:writeReleaseLintModelMetadata
[RUN_GRADLEW] > Task :react-native-community_datetimepicker:writeReleaseLintModelMetadata
[RUN_GRADLEW] > Task :react-native-svg:writeReleaseLintModelMetadata
[RUN_GRADLEW] > Task :react-native-safe-area-context:writeReleaseLintModelMetadata
[RUN_GRADLEW] > Task :react-native-purchases-ui:writeReleaseLintModelMetadata
[RUN_GRADLEW] > Task :sentry_react-native:writeReleaseLintModelMetadata
[RUN_GRADLEW] > Task :solana-mobile_mobile-wallet-adapter-protocol:writeReleaseLintModelMetadata
[RUN_GRADLEW] > Task :react-native-async-storage_async-storage:generateReleaseLintVitalModel
[RUN_GRADLEW] > Task :react-native-community_datetimepicker:generateReleaseLintVitalModel
[RUN_GRADLEW] > Task :react-native-community_netinfo:generateReleaseLintVitalModel
[RUN_GRADLEW] > Task :react-native-masked-view_masked-view:generateReleaseLintVitalModel
[RUN_GRADLEW] > Task :react-native-purchases:generateReleaseLintVitalModel
[RUN_GRADLEW] > Task :react-native-purchases-ui:generateReleaseLintVitalModel
[RUN_GRADLEW] > Task :react-native-svg:generateReleaseLintVitalModel
[RUN_GRADLEW] > Task :react-native-safe-area-context:generateReleaseLintVitalModel
[RUN_GRADLEW] > Task :sentry_react-native:generateReleaseLintVitalModel
[RUN_GRADLEW] > Task :solana-mobile_mobile-wallet-adapter-protocol:generateReleaseLintVitalModel
[RUN_GRADLEW] > Task :react-native-screens:configureCMakeRelWithDebInfo[x86]
[RUN_GRADLEW] > Task :react-native-nitro-modules:buildCMakeRelWithDebInfo[armeabi-v7a]
[RUN_GRADLEW] C/C++: Hard link from '/home/emre/.gradle/caches/9.3.1/transforms/e88424997ecf7ed9545c92fde2f71276/transformed/react-android-0.86.2-release/prefab/modules/reactnative/libs/android.armeabi-v7a/libreactnative.so' to '/tmp/emre/eas-build-local-nodejs/315c31c7-5049-4f6e-a6ac-1b06071346d8/build/node_modules/react-native-nitro-modules/android/build/intermediates/cxx/RelWithDebInfo/164t1n4v/obj/armeabi-v7a/libreactnative.so' failed. Doing a slower copy instead.
[RUN_GRADLEW] C/C++: Hard link from '/home/emre/.gradle/caches/9.3.1/transforms/e88424997ecf7ed9545c92fde2f71276/transformed/react-android-0.86.2-release/prefab/modules/reactnative/libs/android.armeabi-v7a/libreactnative.so' to '/tmp/emre/eas-build-local-nodejs/315c31c7-5049-4f6e-a6ac-1b06071346d8/build/node_modules/react-native-nitro-modules/android/build/intermediates/cxx/RelWithDebInfo/164t1n4v/obj/armeabi-v7a/libreactnative.so' failed. Doing a slower copy instead.
[RUN_GRADLEW] > Task :react-native-nitro-modules:configureCMakeRelWithDebInfo[x86]
[RUN_GRADLEW] > Task :amplitude_analytics-react-native:lintVitalAnalyzeRelease
[RUN_GRADLEW] > Task :react-native-worklets:buildCMakeRelWithDebInfo[armeabi-v7a][worklets]
[RUN_GRADLEW] > Task :react-native-async-storage_async-storage:lintVitalAnalyzeRelease
[RUN_GRADLEW] > Task :react-native-community_datetimepicker:lintVitalAnalyzeRelease
[RUN_GRADLEW] > Task :react-native-screens:buildCMakeRelWithDebInfo[x86]
[RUN_GRADLEW] C/C++: Hard link from '/home/emre/.gradle/caches/9.3.1/transforms/e88424997ecf7ed9545c92fde2f71276/transformed/react-android-0.86.2-release/prefab/modules/reactnative/libs/android.x86/libreactnative.so' to '/tmp/emre/eas-build-local-nodejs/315c31c7-5049-4f6e-a6ac-1b06071346d8/build/node_modules/react-native-screens/android/build/intermediates/cxx/RelWithDebInfo/i4y4s582/obj/x86/libreactnative.so' failed. Doing a slower copy instead.
[RUN_GRADLEW] C/C++: Hard link from '/home/emre/.gradle/caches/9.3.1/transforms/e88424997ecf7ed9545c92fde2f71276/transformed/react-android-0.86.2-release/prefab/modules/reactnative/libs/android.x86/libreactnative.so' to '/tmp/emre/eas-build-local-nodejs/315c31c7-5049-4f6e-a6ac-1b06071346d8/build/node_modules/react-native-screens/android/build/intermediates/cxx/RelWithDebInfo/i4y4s582/obj/x86/libreactnative.so' failed. Doing a slower copy instead.
[RUN_GRADLEW] > Task :react-native-nitro-modules:buildCMakeRelWithDebInfo[x86]
[RUN_GRADLEW] > Task :react-native-screens:configureCMakeRelWithDebInfo[x86_64]
[RUN_GRADLEW] > Task :react-native-nitro-modules:buildCMakeRelWithDebInfo[x86]
[RUN_GRADLEW] C/C++: Hard link from '/home/emre/.gradle/caches/9.3.1/transforms/e88424997ecf7ed9545c92fde2f71276/transformed/react-android-0.86.2-release/prefab/modules/reactnative/libs/android.x86/libreactnative.so' to '/tmp/emre/eas-build-local-nodejs/315c31c7-5049-4f6e-a6ac-1b06071346d8/build/node_modules/react-native-nitro-modules/android/build/intermediates/cxx/RelWithDebInfo/164t1n4v/obj/x86/libreactnative.so' failed. Doing a slower copy instead.
[RUN_GRADLEW] C/C++: Hard link from '/home/emre/.gradle/caches/9.3.1/transforms/e88424997ecf7ed9545c92fde2f71276/transformed/react-android-0.86.2-release/prefab/modules/reactnative/libs/android.x86/libreactnative.so' to '/tmp/emre/eas-build-local-nodejs/315c31c7-5049-4f6e-a6ac-1b06071346d8/build/node_modules/react-native-nitro-modules/android/build/intermediates/cxx/RelWithDebInfo/164t1n4v/obj/x86/libreactnative.so' failed. Doing a slower copy instead.
[RUN_GRADLEW] > Task :react-native-nitro-modules:configureCMakeRelWithDebInfo[x86_64]
[RUN_GRADLEW] > Task :react-native-screens:buildCMakeRelWithDebInfo[x86_64]
[RUN_GRADLEW] C/C++: Hard link from '/home/emre/.gradle/caches/9.3.1/transforms/e88424997ecf7ed9545c92fde2f71276/transformed/react-android-0.86.2-release/prefab/modules/reactnative/libs/android.x86_64/libreactnative.so' to '/tmp/emre/eas-build-local-nodejs/315c31c7-5049-4f6e-a6ac-1b06071346d8/build/node_modules/react-native-screens/android/build/intermediates/cxx/RelWithDebInfo/i4y4s582/obj/x86_64/libreactnative.so' failed. Doing a slower copy instead.
[RUN_GRADLEW] C/C++: Hard link from '/home/emre/.gradle/caches/9.3.1/transforms/e88424997ecf7ed9545c92fde2f71276/transformed/react-android-0.86.2-release/prefab/modules/reactnative/libs/android.x86_64/libreactnative.so' to '/tmp/emre/eas-build-local-nodejs/315c31c7-5049-4f6e-a6ac-1b06071346d8/build/node_modules/react-native-screens/android/build/intermediates/cxx/RelWithDebInfo/i4y4s582/obj/x86_64/libreactnative.so' failed. Doing a slower copy instead.
[RUN_GRADLEW] > Task :react-native-screens:mergeReleaseJniLibFolders
[RUN_GRADLEW] > Task :react-native-screens:checkKotlinGradlePluginConfigurationErrors SKIPPED
[RUN_GRADLEW] > Task :react-native-screens:generateReleaseBuildConfig
[RUN_GRADLEW] > Task :react-native-screens:generateReleaseResValues
[RUN_GRADLEW] > Task :react-native-screens:mergeReleaseNativeLibs
[RUN_GRADLEW] > Task :react-native-screens:generateReleaseResources
[RUN_GRADLEW] > Task :react-native-screens:copyReleaseJniLibsProjectOnly
[RUN_GRADLEW] > Task :react-native-screens:packageReleaseResources
[RUN_GRADLEW] > Task :react-native-worklets:buildCMakeRelWithDebInfo[armeabi-v7a][worklets]
[RUN_GRADLEW] C/C++: Hard link from '/home/emre/.gradle/caches/9.3.1/transforms/e88424997ecf7ed9545c92fde2f71276/transformed/react-android-0.86.2-release/prefab/modules/reactnative/libs/android.armeabi-v7a/libreactnative.so' to '/tmp/emre/eas-build-local-nodejs/315c31c7-5049-4f6e-a6ac-1b06071346d8/build/node_modules/react-native-worklets/android/build/intermediates/cxx/RelWithDebInfo/5b3w672y/obj/armeabi-v7a/libreactnative.so' failed. Doing a slower copy instead.
[RUN_GRADLEW] C/C++: Hard link from '/home/emre/.gradle/caches/9.3.1/transforms/e88424997ecf7ed9545c92fde2f71276/transformed/react-android-0.86.2-release/prefab/modules/reactnative/libs/android.armeabi-v7a/libreactnative.so' to '/tmp/emre/eas-build-local-nodejs/315c31c7-5049-4f6e-a6ac-1b06071346d8/build/node_modules/react-native-worklets/android/build/intermediates/cxx/RelWithDebInfo/5b3w672y/obj/armeabi-v7a/libreactnative.so' failed. Doing a slower copy instead.
[RUN_GRADLEW] > Task :react-native-screens:javaPreCompileRelease
[RUN_GRADLEW] > Task :react-native-screens:writeReleaseAarMetadata
[RUN_GRADLEW] > Task :react-native-screens:extractDeepLinksRelease
[RUN_GRADLEW] > Task :react-native-screens:processReleaseManifest
[RUN_GRADLEW] > Task :react-native-screens:parseReleaseLocalResources
[RUN_GRADLEW] > Task :react-native-screens:prepareReleaseArtProfile
[RUN_GRADLEW] > Task :react-native-screens:generateReleaseRFile
[RUN_GRADLEW] > Task :react-native-screens:mergeReleaseShaders
[RUN_GRADLEW] > Task :react-native-screens:compileReleaseLibraryResources
[RUN_GRADLEW] > Task :react-native-screens:compileReleaseShaders NO-SOURCE
[RUN_GRADLEW] > Task :react-native-screens:generateReleaseAssets UP-TO-DATE
[RUN_GRADLEW] > Task :react-native-screens:mergeReleaseAssets
[RUN_GRADLEW] > Task :react-native-screens:extractProguardFiles
[RUN_GRADLEW] > Task :react-native-screens:prepareLintJarForPublish
[RUN_GRADLEW] > Task :react-native-screens:extractDeepLinksForAarRelease
[RUN_GRADLEW] > Task :react-native-screens:writeReleaseLintModelMetadata
[RUN_GRADLEW] > Task :react-native-screens:stripReleaseDebugSymbols
[RUN_GRADLEW] > Task :react-native-screens:copyReleaseJniLibsProjectAndLocalJars
[RUN_GRADLEW] > Task :react-native-worklets:configureCMakeRelWithDebInfo[x86]
[RUN_GRADLEW] > Task :react-native-nitro-modules:buildCMakeRelWithDebInfo[x86_64]
[RUN_GRADLEW] C/C++: Hard link from '/home/emre/.gradle/caches/9.3.1/transforms/e88424997ecf7ed9545c92fde2f71276/transformed/react-android-0.86.2-release/prefab/modules/reactnative/libs/android.x86_64/libreactnative.so' to '/tmp/emre/eas-build-local-nodejs/315c31c7-5049-4f6e-a6ac-1b06071346d8/build/node_modules/react-native-nitro-modules/android/build/intermediates/cxx/RelWithDebInfo/164t1n4v/obj/x86_64/libreactnative.so' failed. Doing a slower copy instead.
[RUN_GRADLEW] C/C++: Hard link from '/home/emre/.gradle/caches/9.3.1/transforms/e88424997ecf7ed9545c92fde2f71276/transformed/react-android-0.86.2-release/prefab/modules/reactnative/libs/android.x86_64/libreactnative.so' to '/tmp/emre/eas-build-local-nodejs/315c31c7-5049-4f6e-a6ac-1b06071346d8/build/node_modules/react-native-nitro-modules/android/build/intermediates/cxx/RelWithDebInfo/164t1n4v/obj/x86_64/libreactnative.so' failed. Doing a slower copy instead.
[RUN_GRADLEW] > Task :react-native-nitro-modules:externalNativeBuildRelease
[RUN_GRADLEW] C/C++: Hard link from '/home/emre/.gradle/caches/9.3.1/transforms/e88424997ecf7ed9545c92fde2f71276/transformed/react-android-0.86.2-release/prefab/modules/reactnative/libs/android.armeabi-v7a/libreactnative.so' to '/tmp/emre/eas-build-local-nodejs/315c31c7-5049-4f6e-a6ac-1b06071346d8/build/node_modules/react-native-nitro-modules/android/build/intermediates/cmake/release/obj/armeabi-v7a/libreactnative.so' failed. Doing a slower copy instead.
[RUN_GRADLEW] C/C++: Hard link from '/home/emre/.gradle/caches/9.3.1/transforms/e88424997ecf7ed9545c92fde2f71276/transformed/react-android-0.86.2-release/prefab/modules/reactnative/libs/android.armeabi-v7a/libreactnative.so' to '/tmp/emre/eas-build-local-nodejs/315c31c7-5049-4f6e-a6ac-1b06071346d8/build/node_modules/react-native-nitro-modules/android/build/intermediates/cmake/release/obj/armeabi-v7a/libreactnative.so' failed. Doing a slower copy instead.
[RUN_GRADLEW] C/C++: Hard link from '/home/emre/.gradle/caches/9.3.1/transforms/e88424997ecf7ed9545c92fde2f71276/transformed/react-android-0.86.2-release/prefab/modules/reactnative/libs/android.arm64-v8a/libreactnative.so' to '/tmp/emre/eas-build-local-nodejs/315c31c7-5049-4f6e-a6ac-1b06071346d8/build/node_modules/react-native-nitro-modules/android/build/intermediates/cmake/release/obj/arm64-v8a/libreactnative.so' failed. Doing a slower copy instead.
[RUN_GRADLEW] C/C++: Hard link from '/home/emre/.gradle/caches/9.3.1/transforms/e88424997ecf7ed9545c92fde2f71276/transformed/react-android-0.86.2-release/prefab/modules/reactnative/libs/android.arm64-v8a/libreactnative.so' to '/tmp/emre/eas-build-local-nodejs/315c31c7-5049-4f6e-a6ac-1b06071346d8/build/node_modules/react-native-nitro-modules/android/build/intermediates/cmake/release/obj/arm64-v8a/libreactnative.so' failed. Doing a slower copy instead.
[RUN_GRADLEW] C/C++: Hard link from '/home/emre/.gradle/caches/9.3.1/transforms/e88424997ecf7ed9545c92fde2f71276/transformed/react-android-0.86.2-release/prefab/modules/reactnative/libs/android.x86/libreactnative.so' to '/tmp/emre/eas-build-local-nodejs/315c31c7-5049-4f6e-a6ac-1b06071346d8/build/node_modules/react-native-nitro-modules/android/build/intermediates/cmake/release/obj/x86/libreactnative.so' failed. Doing a slower copy instead.
[RUN_GRADLEW] C/C++: Hard link from '/home/emre/.gradle/caches/9.3.1/transforms/e88424997ecf7ed9545c92fde2f71276/transformed/react-android-0.86.2-release/prefab/modules/reactnative/libs/android.x86/libreactnative.so' to '/tmp/emre/eas-build-local-nodejs/315c31c7-5049-4f6e-a6ac-1b06071346d8/build/node_modules/react-native-nitro-modules/android/build/intermediates/cmake/release/obj/x86/libreactnative.so' failed. Doing a slower copy instead.
[RUN_GRADLEW] C/C++: Hard link from '/home/emre/.gradle/caches/9.3.1/transforms/e88424997ecf7ed9545c92fde2f71276/transformed/react-android-0.86.2-release/prefab/modules/reactnative/libs/android.x86_64/libreactnative.so' to '/tmp/emre/eas-build-local-nodejs/315c31c7-5049-4f6e-a6ac-1b06071346d8/build/node_modules/react-native-nitro-modules/android/build/intermediates/cmake/release/obj/x86_64/libreactnative.so' failed. Doing a slower copy instead.
[RUN_GRADLEW] C/C++: Hard link from '/home/emre/.gradle/caches/9.3.1/transforms/e88424997ecf7ed9545c92fde2f71276/transformed/react-android-0.86.2-release/prefab/modules/reactnative/libs/android.x86_64/libreactnative.so' to '/tmp/emre/eas-build-local-nodejs/315c31c7-5049-4f6e-a6ac-1b06071346d8/build/node_modules/react-native-nitro-modules/android/build/intermediates/cmake/release/obj/x86_64/libreactnative.so' failed. Doing a slower copy instead.
[RUN_GRADLEW] > Task :react-native-nitro-modules:generateJsonModelRelease
[RUN_GRADLEW] > Task :react-native-nitro-modules:prefabReleaseConfigurePackage
[RUN_GRADLEW] > Task :react-native-nitro-modules:prefabReleasePackage
[RUN_GRADLEW] > Task :react-native-nitro-modules:mergeReleaseJniLibFolders
[RUN_GRADLEW] > Task :react-native-nitro-modules:checkKotlinGradlePluginConfigurationErrors SKIPPED
[RUN_GRADLEW] > Task :react-native-nitro-modules:generateReleaseBuildConfig
[RUN_GRADLEW] > Task :react-native-nitro-modules:generateReleaseResValues
[RUN_GRADLEW] > Task :react-native-nitro-modules:generateReleaseResources
[RUN_GRADLEW] > Task :react-native-nitro-modules:packageReleaseResources
[RUN_GRADLEW] > Task :react-native-nitro-modules:parseReleaseLocalResources
[RUN_GRADLEW] > Task :react-native-nitro-modules:javaPreCompileRelease
[RUN_GRADLEW] > Task :react-native-nitro-modules:mergeReleaseNativeLibs
[RUN_GRADLEW] > Task :react-native-nitro-modules:generateReleaseRFile
[RUN_GRADLEW] > Task :react-native-nitro-modules:writeReleaseAarMetadata
[RUN_GRADLEW] > Task :react-native-nitro-modules:copyReleaseJniLibsProjectOnly
[RUN_GRADLEW] > Task :react-native-nitro-modules:extractDeepLinksRelease
[RUN_GRADLEW] > Task :react-native-nitro-modules:compileReleaseLibraryResources
[RUN_GRADLEW] > Task :react-native-nitro-modules:processReleaseManifest
[RUN_GRADLEW] > Task :react-native-nitro-modules:prepareReleaseArtProfile
[RUN_GRADLEW] > Task :react-native-nitro-modules:mergeReleaseShaders
[RUN_GRADLEW] > Task :react-native-nitro-modules:compileReleaseShaders NO-SOURCE
[RUN_GRADLEW] > Task :react-native-nitro-modules:generateReleaseAssets UP-TO-DATE
[RUN_GRADLEW] > Task :react-native-nitro-modules:mergeReleaseAssets
[RUN_GRADLEW] > Task :react-native-nitro-modules:extractProguardFiles
[RUN_GRADLEW] > Task :react-native-nitro-modules:prepareLintJarForPublish
[RUN_GRADLEW] > Task :react-native-nitro-modules:extractDeepLinksForAarRelease
[RUN_GRADLEW] > Task :react-native-nitro-modules:writeReleaseLintModelMetadata
[RUN_GRADLEW] > Task :react-native-nitro-modules:stripReleaseDebugSymbols
[RUN_GRADLEW] > Task :react-native-nitro-modules:copyReleaseJniLibsProjectAndLocalJars
[RUN_GRADLEW] > Task :react-native-mmkv:configureCMakeRelWithDebInfo[arm64-v8a]
[RUN_GRADLEW] > Task :react-native-screens:compileReleaseKotlin
[RUN_GRADLEW] > Task :react-native-worklets:buildCMakeRelWithDebInfo[x86][worklets]
[RUN_GRADLEW] > Task :react-native-nitro-modules:compileReleaseKotlin
[RUN_GRADLEW] > Task :react-native-masked-view_masked-view:lintVitalAnalyzeRelease
[RUN_GRADLEW] > Task :react-native-community_netinfo:lintVitalAnalyzeRelease
[RUN_GRADLEW] > Task :react-native-purchases:lintVitalAnalyzeRelease
[RUN_GRADLEW] > Task :react-native-worklets:buildCMakeRelWithDebInfo[x86][worklets]
[RUN_GRADLEW] C/C++: Hard link from '/home/emre/.gradle/caches/9.3.1/transforms/e88424997ecf7ed9545c92fde2f71276/transformed/react-android-0.86.2-release/prefab/modules/reactnative/libs/android.x86/libreactnative.so' to '/tmp/emre/eas-build-local-nodejs/315c31c7-5049-4f6e-a6ac-1b06071346d8/build/node_modules/react-native-worklets/android/build/intermediates/cxx/RelWithDebInfo/5b3w672y/obj/x86/libreactnative.so' failed. Doing a slower copy instead.
[RUN_GRADLEW] C/C++: Hard link from '/home/emre/.gradle/caches/9.3.1/transforms/e88424997ecf7ed9545c92fde2f71276/transformed/react-android-0.86.2-release/prefab/modules/reactnative/libs/android.x86/libreactnative.so' to '/tmp/emre/eas-build-local-nodejs/315c31c7-5049-4f6e-a6ac-1b06071346d8/build/node_modules/react-native-worklets/android/build/intermediates/cxx/RelWithDebInfo/5b3w672y/obj/x86/libreactnative.so' failed. Doing a slower copy instead.
[RUN_GRADLEW] > Task :react-native-nitro-modules:compileReleaseJavaWithJavac
[RUN_GRADLEW] > Task :react-native-nitro-modules:bundleLibCompileToJarRelease
[RUN_GRADLEW] > Task :react-native-nitro-modules:bundleLibRuntimeToJarRelease
[RUN_GRADLEW] > Task :react-native-nitro-modules:processReleaseJavaRes
[RUN_GRADLEW] > Task :react-native-nitro-modules:bundleLibRuntimeToDirRelease
[RUN_GRADLEW] > Task :react-native-nitro-modules:createFullJarRelease
[RUN_GRADLEW] > Task :react-native-nitro-modules:generateReleaseLintModel
[RUN_GRADLEW] > Task :react-native-nitro-modules:extractReleaseAnnotations
[RUN_GRADLEW] > Task :react-native-nitro-modules:mergeReleaseGeneratedProguardFiles
[RUN_GRADLEW] > Task :react-native-nitro-modules:mergeReleaseConsumerProguardFiles
[RUN_GRADLEW] > Task :react-native-nitro-modules:mergeReleaseJavaResource
[RUN_GRADLEW] > Task :react-native-nitro-modules:generateReleaseLintVitalModel
[RUN_GRADLEW] > Task :react-native-nitro-modules:syncReleaseLibJars
[RUN_GRADLEW] > Task :react-native-mmkv:buildCMakeRelWithDebInfo[arm64-v8a]
[RUN_GRADLEW] C/C++: Hard link from '/home/emre/.gradle/caches/9.3.1/transforms/e88424997ecf7ed9545c92fde2f71276/transformed/react-android-0.86.2-release/prefab/modules/reactnative/libs/android.arm64-v8a/libreactnative.so' to '/tmp/emre/eas-build-local-nodejs/315c31c7-5049-4f6e-a6ac-1b06071346d8/build/node_modules/react-native-mmkv/android/build/intermediates/cxx/RelWithDebInfo/q3p711k1/obj/arm64-v8a/libreactnative.so' failed. Doing a slower copy instead.
[RUN_GRADLEW] C/C++: Hard link from '/home/emre/.gradle/caches/9.3.1/transforms/e88424997ecf7ed9545c92fde2f71276/transformed/react-android-0.86.2-release/prefab/modules/reactnative/libs/android.arm64-v8a/libreactnative.so' to '/tmp/emre/eas-build-local-nodejs/315c31c7-5049-4f6e-a6ac-1b06071346d8/build/node_modules/react-native-mmkv/android/build/intermediates/cxx/RelWithDebInfo/q3p711k1/obj/arm64-v8a/libreactnative.so' failed. Doing a slower copy instead.
[RUN_GRADLEW] > Task :react-native-nitro-modules:bundleReleaseLocalLintAar
[RUN_GRADLEW] > Task :react-native-worklets:configureCMakeRelWithDebInfo[x86_64]
[RUN_GRADLEW] > Task :app:createBundleReleaseJsAndAssets
[RUN_GRADLEW] Android Bundled 146601ms node_modules/expo-router/entry.js (5941 modules)
[RUN_GRADLEW] Writing bundle output to: /tmp/emre/eas-build-local-nodejs/315c31c7-5049-4f6e-a6ac-1b06071346d8/build/android/app/build/generated/assets/react/release/index.android.bundle
[RUN_GRADLEW] Writing sourcemap output to: /tmp/emre/eas-build-local-nodejs/315c31c7-5049-4f6e-a6ac-1b06071346d8/build/android/app/build/intermediates/sourcemaps/react/release/index.android.bundle.packager.map
[RUN_GRADLEW] Copying 32 asset files
[RUN_GRADLEW] Done writing bundle output
[RUN_GRADLEW] Done writing sourcemap output
[RUN_GRADLEW] > Task :react-native-mmkv:configureCMakeRelWithDebInfo[armeabi-v7a]
[RUN_GRADLEW] > Task :react-native-safe-area-context:lintVitalAnalyzeRelease
[RUN_GRADLEW] > Task :react-native-svg:lintVitalAnalyzeRelease
[RUN_GRADLEW] > Task :sentry_react-native:lintVitalAnalyzeRelease
[RUN_GRADLEW] > Task :react-native-purchases-ui:lintVitalAnalyzeRelease
[RUN_GRADLEW] > Task :react-native-nitro-modules:lintVitalAnalyzeRelease
[RUN_GRADLEW] > Task :solana-mobile_mobile-wallet-adapter-protocol:lintVitalAnalyzeRelease
[RUN_GRADLEW] > Task :react-native-mmkv:buildCMakeRelWithDebInfo[armeabi-v7a]
[RUN_GRADLEW] C/C++: Hard link from '/home/emre/.gradle/caches/9.3.1/transforms/e88424997ecf7ed9545c92fde2f71276/transformed/react-android-0.86.2-release/prefab/modules/reactnative/libs/android.armeabi-v7a/libreactnative.so' to '/tmp/emre/eas-build-local-nodejs/315c31c7-5049-4f6e-a6ac-1b06071346d8/build/node_modules/react-native-mmkv/android/build/intermediates/cxx/RelWithDebInfo/q3p711k1/obj/armeabi-v7a/libreactnative.so' failed. Doing a slower copy instead.
[RUN_GRADLEW] C/C++: Hard link from '/home/emre/.gradle/caches/9.3.1/transforms/e88424997ecf7ed9545c92fde2f71276/transformed/react-android-0.86.2-release/prefab/modules/reactnative/libs/android.armeabi-v7a/libreactnative.so' to '/tmp/emre/eas-build-local-nodejs/315c31c7-5049-4f6e-a6ac-1b06071346d8/build/node_modules/react-native-mmkv/android/build/intermediates/cxx/RelWithDebInfo/q3p711k1/obj/armeabi-v7a/libreactnative.so' failed. Doing a slower copy instead.
[RUN_GRADLEW] > Task :react-native-mmkv:configureCMakeRelWithDebInfo[x86]
[RUN_GRADLEW] > Task :shopify_react-native-skia:buildCMakeRelWithDebInfo[arm64-v8a]
[RUN_GRADLEW] C/C++: Hard link from '/home/emre/.gradle/caches/9.3.1/transforms/e88424997ecf7ed9545c92fde2f71276/transformed/react-android-0.86.2-release/prefab/modules/reactnative/libs/android.arm64-v8a/libreactnative.so' to '/tmp/emre/eas-build-local-nodejs/315c31c7-5049-4f6e-a6ac-1b06071346d8/build/node_modules/@shopify/react-native-skia/android/build/intermediates/cxx/RelWithDebInfo/e104c4os/obj/arm64-v8a/libreactnative.so' failed. Doing a slower copy instead.
[RUN_GRADLEW] C/C++: Hard link from '/home/emre/.gradle/caches/9.3.1/transforms/e88424997ecf7ed9545c92fde2f71276/transformed/react-android-0.86.2-release/prefab/modules/reactnative/libs/android.arm64-v8a/libreactnative.so' to '/tmp/emre/eas-build-local-nodejs/315c31c7-5049-4f6e-a6ac-1b06071346d8/build/node_modules/@shopify/react-native-skia/android/build/intermediates/cxx/RelWithDebInfo/e104c4os/obj/arm64-v8a/libreactnative.so' failed. Doing a slower copy instead.
[RUN_GRADLEW] > Task :react-native-worklets:buildCMakeRelWithDebInfo[x86_64][worklets]
[RUN_GRADLEW] C/C++: Hard link from '/home/emre/.gradle/caches/9.3.1/transforms/e88424997ecf7ed9545c92fde2f71276/transformed/react-android-0.86.2-release/prefab/modules/reactnative/libs/android.x86_64/libreactnative.so' to '/tmp/emre/eas-build-local-nodejs/315c31c7-5049-4f6e-a6ac-1b06071346d8/build/node_modules/react-native-worklets/android/build/intermediates/cxx/RelWithDebInfo/5b3w672y/obj/x86_64/libreactnative.so' failed. Doing a slower copy instead.
[RUN_GRADLEW] C/C++: Hard link from '/home/emre/.gradle/caches/9.3.1/transforms/e88424997ecf7ed9545c92fde2f71276/transformed/react-android-0.86.2-release/prefab/modules/reactnative/libs/android.x86_64/libreactnative.so' to '/tmp/emre/eas-build-local-nodejs/315c31c7-5049-4f6e-a6ac-1b06071346d8/build/node_modules/react-native-worklets/android/build/intermediates/cxx/RelWithDebInfo/5b3w672y/obj/x86_64/libreactnative.so' failed. Doing a slower copy instead.
[RUN_GRADLEW] > Task :react-native-worklets:externalNativeBuildRelease
[RUN_GRADLEW] C/C++: Hard link from '/home/emre/.gradle/caches/9.3.1/transforms/e88424997ecf7ed9545c92fde2f71276/transformed/react-android-0.86.2-release/prefab/modules/reactnative/libs/android.armeabi-v7a/libreactnative.so' to '/tmp/emre/eas-build-local-nodejs/315c31c7-5049-4f6e-a6ac-1b06071346d8/build/node_modules/react-native-worklets/android/build/intermediates/cmake/release/obj/armeabi-v7a/libreactnative.so' failed. Doing a slower copy instead.
[RUN_GRADLEW] C/C++: Hard link from '/home/emre/.gradle/caches/9.3.1/transforms/e88424997ecf7ed9545c92fde2f71276/transformed/react-android-0.86.2-release/prefab/modules/reactnative/libs/android.armeabi-v7a/libreactnative.so' to '/tmp/emre/eas-build-local-nodejs/315c31c7-5049-4f6e-a6ac-1b06071346d8/build/node_modules/react-native-worklets/android/build/intermediates/cmake/release/obj/armeabi-v7a/libreactnative.so' failed. Doing a slower copy instead.
[RUN_GRADLEW] C/C++: Hard link from '/home/emre/.gradle/caches/9.3.1/transforms/e88424997ecf7ed9545c92fde2f71276/transformed/react-android-0.86.2-release/prefab/modules/reactnative/libs/android.arm64-v8a/libreactnative.so' to '/tmp/emre/eas-build-local-nodejs/315c31c7-5049-4f6e-a6ac-1b06071346d8/build/node_modules/react-native-worklets/android/build/intermediates/cmake/release/obj/arm64-v8a/libreactnative.so' failed. Doing a slower copy instead.
[RUN_GRADLEW] C/C++: Hard link from '/home/emre/.gradle/caches/9.3.1/transforms/e88424997ecf7ed9545c92fde2f71276/transformed/react-android-0.86.2-release/prefab/modules/reactnative/libs/android.arm64-v8a/libreactnative.so' to '/tmp/emre/eas-build-local-nodejs/315c31c7-5049-4f6e-a6ac-1b06071346d8/build/node_modules/react-native-worklets/android/build/intermediates/cmake/release/obj/arm64-v8a/libreactnative.so' failed. Doing a slower copy instead.
[RUN_GRADLEW] C/C++: Hard link from '/home/emre/.gradle/caches/9.3.1/transforms/e88424997ecf7ed9545c92fde2f71276/transformed/react-android-0.86.2-release/prefab/modules/reactnative/libs/android.x86/libreactnative.so' to '/tmp/emre/eas-build-local-nodejs/315c31c7-5049-4f6e-a6ac-1b06071346d8/build/node_modules/react-native-worklets/android/build/intermediates/cmake/release/obj/x86/libreactnative.so' failed. Doing a slower copy instead.
[RUN_GRADLEW] C/C++: Hard link from '/home/emre/.gradle/caches/9.3.1/transforms/e88424997ecf7ed9545c92fde2f71276/transformed/react-android-0.86.2-release/prefab/modules/reactnative/libs/android.x86/libreactnative.so' to '/tmp/emre/eas-build-local-nodejs/315c31c7-5049-4f6e-a6ac-1b06071346d8/build/node_modules/react-native-worklets/android/build/intermediates/cmake/release/obj/x86/libreactnative.so' failed. Doing a slower copy instead.
[RUN_GRADLEW] C/C++: Hard link from '/home/emre/.gradle/caches/9.3.1/transforms/e88424997ecf7ed9545c92fde2f71276/transformed/react-android-0.86.2-release/prefab/modules/reactnative/libs/android.x86_64/libreactnative.so' to '/tmp/emre/eas-build-local-nodejs/315c31c7-5049-4f6e-a6ac-1b06071346d8/build/node_modules/react-native-worklets/android/build/intermediates/cmake/release/obj/x86_64/libreactnative.so' failed. Doing a slower copy instead.
[RUN_GRADLEW] C/C++: Hard link from '/home/emre/.gradle/caches/9.3.1/transforms/e88424997ecf7ed9545c92fde2f71276/transformed/react-android-0.86.2-release/prefab/modules/reactnative/libs/android.x86_64/libreactnative.so' to '/tmp/emre/eas-build-local-nodejs/315c31c7-5049-4f6e-a6ac-1b06071346d8/build/node_modules/react-native-worklets/android/build/intermediates/cmake/release/obj/x86_64/libreactnative.so' failed. Doing a slower copy instead.
[RUN_GRADLEW] > Task :react-native-worklets:generateJsonModelRelease
[RUN_GRADLEW] > Task :react-native-worklets:prefabReleaseConfigurePackage
[RUN_GRADLEW] > Task :react-native-worklets:prefabReleasePackage
[RUN_GRADLEW] > Task :react-native-worklets:mergeReleaseJniLibFolders
[RUN_GRADLEW] > Task :react-native-worklets:checkKotlinGradlePluginConfigurationErrors SKIPPED
[RUN_GRADLEW] > Task :react-native-worklets:generateReleaseBuildConfig
[RUN_GRADLEW] > Task :react-native-worklets:generateReleaseResValues
[RUN_GRADLEW] > Task :react-native-worklets:generateReleaseResources
[RUN_GRADLEW] > Task :react-native-worklets:packageReleaseResources
[RUN_GRADLEW] > Task :react-native-worklets:javaPreCompileRelease
[RUN_GRADLEW] > Task :react-native-worklets:parseReleaseLocalResources
[RUN_GRADLEW] > Task :react-native-worklets:writeReleaseAarMetadata
[RUN_GRADLEW] > Task :react-native-worklets:extractDeepLinksRelease
[RUN_GRADLEW] > Task :react-native-worklets:generateReleaseRFile
[RUN_GRADLEW] > Task :react-native-worklets:processReleaseManifest
[RUN_GRADLEW] > Task :react-native-worklets:mergeReleaseNativeLibs
[RUN_GRADLEW] > Task :react-native-worklets:compileReleaseLibraryResources
[RUN_GRADLEW] > Task :react-native-worklets:prepareReleaseArtProfile
[RUN_GRADLEW] > Task :react-native-worklets:mergeReleaseShaders
[RUN_GRADLEW] > Task :react-native-worklets:compileReleaseShaders NO-SOURCE
[RUN_GRADLEW] > Task :react-native-worklets:generateReleaseAssets UP-TO-DATE
[RUN_GRADLEW] > Task :react-native-worklets:mergeReleaseAssets
[RUN_GRADLEW] > Task :react-native-worklets:extractProguardFiles
[RUN_GRADLEW] > Task :react-native-worklets:prepareLintJarForPublish
[RUN_GRADLEW] > Task :react-native-worklets:extractDeepLinksForAarRelease
[RUN_GRADLEW] > Task :react-native-worklets:writeReleaseLintModelMetadata
[RUN_GRADLEW] > Task :react-native-worklets:stripReleaseDebugSymbols
[RUN_GRADLEW] > Task :react-native-worklets:copyReleaseJniLibsProjectAndLocalJars
[RUN_GRADLEW] > Task :react-native-worklets:copyReleaseJniLibsProjectOnly
[RUN_GRADLEW] > Task :expo-modules-core:configureCMakeRelWithDebInfo[arm64-v8a]
[RUN_GRADLEW] > Task :react-native-reanimated:configureCMakeRelWithDebInfo[arm64-v8a]
[RUN_GRADLEW] > Task :react-native-screens:compileReleaseKotlin
[RUN_GRADLEW] w: file:///tmp/emre/eas-build-local-nodejs/315c31c7-5049-4f6e-a6ac-1b06071346d8/build/node_modules/react-native-screens/android/src/main/java/com/swmansion/rnscreens/RNScreensPackage.kt:70:9 The corresponding parameter in the supertype 'BaseReactPackage' is named 'name'. This may cause problems when calling this function with named arguments.
[RUN_GRADLEW] w: file:///tmp/emre/eas-build-local-nodejs/315c31c7-5049-4f6e-a6ac-1b06071346d8/build/node_modules/react-native-screens/android/src/main/java/com/swmansion/rnscreens/RNScreensPackage.kt:71:9 The corresponding parameter in the supertype 'BaseReactPackage' is named 'reactContext'. This may cause problems when calling this function with named arguments.
[RUN_GRADLEW] w: file:///tmp/emre/eas-build-local-nodejs/315c31c7-5049-4f6e-a6ac-1b06071346d8/build/node_modules/react-native-screens/android/src/main/java/com/swmansion/rnscreens/RNScreensPackage.kt:83:17 'constructor(name: String, className: String, canOverrideExistingModule: Boolean, needsEagerInit: Boolean, hasConstants: Boolean, isCxxModule: Boolean, isTurboModule: Boolean): ReactModuleInfo' is deprecated. This constructor is deprecated and will be removed in the future. Use ReactModuleInfo(String, String, boolean, boolean, boolean, boolean)].
[RUN_GRADLEW] w: file:///tmp/emre/eas-build-local-nodejs/315c31c7-5049-4f6e-a6ac-1b06071346d8/build/node_modules/react-native-screens/android/src/main/java/com/swmansion/rnscreens/Screen.kt:54:77 Unchecked cast of '(CoordinatorLayout.Behavior<View!>?..CoordinatorLayout.Behavior<*>?)' to 'BottomSheetBehavior<Screen>'.
[RUN_GRADLEW] w: file:///tmp/emre/eas-build-local-nodejs/315c31c7-5049-4f6e-a6ac-1b06071346d8/build/node_modules/react-native-screens/android/src/main/java/com/swmansion/rnscreens/Screen.kt:59:33 'fun getEventDispatcherForReactTag(context: ReactContext, reactTag: Int): EventDispatcher?' is deprecated. reactTag is no longer needed.
[RUN_GRADLEW] w: file:///tmp/emre/eas-build-local-nodejs/315c31c7-5049-4f6e-a6ac-1b06071346d8/build/node_modules/react-native-screens/android/src/main/java/com/swmansion/rnscreens/Screen.kt:516:14 'fun getEventDispatcherForReactTag(context: ReactContext, reactTag: Int): EventDispatcher?' is deprecated. reactTag is no longer needed.
[RUN_GRADLEW] w: file:///tmp/emre/eas-build-local-nodejs/315c31c7-5049-4f6e-a6ac-1b06071346d8/build/node_modules/react-native-screens/android/src/main/java/com/swmansion/rnscreens/ScreenContainer.kt:250:18 'fun getEventDispatcherForReactTag(context: ReactContext, reactTag: Int): EventDispatcher?' is deprecated. reactTag is no longer needed.
[RUN_GRADLEW] w: file:///tmp/emre/eas-build-local-nodejs/315c31c7-5049-4f6e-a6ac-1b06071346d8/build/node_modules/react-native-screens/android/src/main/java/com/swmansion/rnscreens/ScreenContainer.kt:260:18 'fun getEventDispatcherForReactTag(context: ReactContext, reactTag: Int): EventDispatcher?' is deprecated. reactTag is no longer needed.
[RUN_GRADLEW] w: file:///tmp/emre/eas-build-local-nodejs/315c31c7-5049-4f6e-a6ac-1b06071346d8/build/node_modules/react-native-screens/android/src/main/java/com/swmansion/rnscreens/ScreenFragment.kt:225:37 'fun getEventDispatcherForReactTag(context: ReactContext, reactTag: Int): EventDispatcher?' is deprecated. reactTag is no longer needed.
[RUN_GRADLEW] w: file:///tmp/emre/eas-build-local-nodejs/315c31c7-5049-4f6e-a6ac-1b06071346d8/build/node_modules/react-native-screens/android/src/main/java/com/swmansion/rnscreens/ScreenFragment.kt:242:14 'fun getEventDispatcherForReactTag(context: ReactContext, reactTag: Int): EventDispatcher?' is deprecated. reactTag is no longer needed.
[RUN_GRADLEW] w: file:///tmp/emre/eas-build-local-nodejs/315c31c7-5049-4f6e-a6ac-1b06071346d8/build/node_modules/react-native-screens/android/src/main/java/com/swmansion/rnscreens/ScreenFragment.kt:258:22 'fun getEventDispatcherForReactTag(context: ReactContext, reactTag: Int): EventDispatcher?' is deprecated. reactTag is no longer needed.
[RUN_GRADLEW] w: file:///tmp/emre/eas-build-local-nodejs/315c31c7-5049-4f6e-a6ac-1b06071346d8/build/node_modules/react-native-screens/android/src/main/java/com/swmansion/rnscreens/ScreenFragment.kt:327:22 'fun getEventDispatcherForReactTag(context: ReactContext, reactTag: Int): EventDispatcher?' is deprecated. reactTag is no longer needed.
[RUN_GRADLEW] w: file:///tmp/emre/eas-build-local-nodejs/315c31c7-5049-4f6e-a6ac-1b06071346d8/build/node_modules/react-native-screens/android/src/main/java/com/swmansion/rnscreens/ScreenModalFragment.kt:180:22 'fun getEventDispatcherForReactTag(context: ReactContext, reactTag: Int): EventDispatcher?' is deprecated. reactTag is no longer needed.
[RUN_GRADLEW] w: file:///tmp/emre/eas-build-local-nodejs/315c31c7-5049-4f6e-a6ac-1b06071346d8/build/node_modules/react-native-screens/android/src/main/java/com/swmansion/rnscreens/ScreenStack.kt:120:14 'fun getEventDispatcherForReactTag(context: ReactContext, reactTag: Int): EventDispatcher?' is deprecated. reactTag is no longer needed.
[RUN_GRADLEW] w: file:///tmp/emre/eas-build-local-nodejs/315c31c7-5049-4f6e-a6ac-1b06071346d8/build/node_modules/react-native-screens/android/src/main/java/com/swmansion/rnscreens/ScreenStackFragment.kt:173:18 'fun getEventDispatcherForReactTag(context: ReactContext, reactTag: Int): EventDispatcher?' is deprecated. reactTag is no longer needed.
[RUN_GRADLEW] w: file:///tmp/emre/eas-build-local-nodejs/315c31c7-5049-4f6e-a6ac-1b06071346d8/build/node_modules/react-native-screens/android/src/main/java/com/swmansion/rnscreens/ScreenStackFragment.kt:230:31 'var targetElevation: Float' is deprecated. Deprecated in Java.
[RUN_GRADLEW] w: file:///tmp/emre/eas-build-local-nodejs/315c31c7-5049-4f6e-a6ac-1b06071346d8/build/node_modules/react-native-screens/android/src/main/java/com/swmansion/rnscreens/ScreenStackFragment.kt:233:13 'fun setHasOptionsMenu(p0: Boolean): Unit' is deprecated. Deprecated in Java.
[RUN_GRADLEW] w: file:///tmp/emre/eas-build-local-nodejs/315c31c7-5049-4f6e-a6ac-1b06071346d8/build/node_modules/react-native-screens/android/src/main/java/com/swmansion/rnscreens/ScreenStackFragment.kt:443:18 This declaration overrides a deprecated member but is not marked as deprecated itself. Add the '@Deprecated' annotation or suppress the diagnostic.
[RUN_GRADLEW] w: file:///tmp/emre/eas-build-local-nodejs/315c31c7-5049-4f6e-a6ac-1b06071346d8/build/node_modules/react-native-screens/android/src/main/java/com/swmansion/rnscreens/ScreenStackFragment.kt:450:22 'fun onPrepareOptionsMenu(p0: Menu): Unit' is deprecated. Deprecated in Java.
[RUN_GRADLEW] w: file:///tmp/emre/eas-build-local-nodejs/315c31c7-5049-4f6e-a6ac-1b06071346d8/build/node_modules/react-native-screens/android/src/main/java/com/swmansion/rnscreens/ScreenStackFragment.kt:453:18 This declaration overrides a deprecated member but is not marked as deprecated itself. Add the '@Deprecated' annotation or suppress the diagnostic.
[RUN_GRADLEW] w: file:///tmp/emre/eas-build-local-nodejs/315c31c7-5049-4f6e-a6ac-1b06071346d8/build/node_modules/react-native-screens/android/src/main/java/com/swmansion/rnscreens/ScreenStackFragment.kt:458:22 'fun onCreateOptionsMenu(p0: Menu, p1: MenuInflater): Unit' is deprecated. Deprecated in Java.
[RUN_GRADLEW] w: file:///tmp/emre/eas-build-local-nodejs/315c31c7-5049-4f6e-a6ac-1b06071346d8/build/node_modules/react-native-screens/android/src/main/java/com/swmansion/rnscreens/ScreenStackHeaderConfig.kt:199:14 'fun getEventDispatcherForReactTag(context: ReactContext, reactTag: Int): EventDispatcher?' is deprecated. reactTag is no longer needed.
[RUN_GRADLEW] w: file:///tmp/emre/eas-build-local-nodejs/315c31c7-5049-4f6e-a6ac-1b06071346d8/build/node_modules/react-native-screens/android/src/main/java/com/swmansion/rnscreens/ScreenStackHeaderConfig.kt:209:14 'fun getEventDispatcherForReactTag(context: ReactContext, reactTag: Int): EventDispatcher?' is deprecated. reactTag is no longer needed.
[RUN_GRADLEW] w: file:///tmp/emre/eas-build-local-nodejs/315c31c7-5049-4f6e-a6ac-1b06071346d8/build/node_modules/react-native-screens/android/src/main/java/com/swmansion/rnscreens/ScreenWindowTraits.kt:48:42 'fun replaceSystemWindowInsets(p0: Int, p1: Int, p2: Int, p3: Int): @NonNull() WindowInsetsCompat' is deprecated. Deprecated in Java.
[RUN_GRADLEW] w: file:///tmp/emre/eas-build-local-nodejs/315c31c7-5049-4f6e-a6ac-1b06071346d8/build/node_modules/react-native-screens/android/src/main/java/com/swmansion/rnscreens/ScreenWindowTraits.kt:49:39 'val systemWindowInsetLeft: Int' is deprecated. Deprecated in Java.
[RUN_GRADLEW] w: file:///tmp/emre/eas-build-local-nodejs/315c31c7-5049-4f6e-a6ac-1b06071346d8/build/node_modules/react-native-screens/android/src/main/java/com/swmansion/rnscreens/ScreenWindowTraits.kt:51:39 'val systemWindowInsetRight: Int' is deprecated. Deprecated in Java.
[RUN_GRADLEW] w: file:///tmp/emre/eas-build-local-nodejs/315c31c7-5049-4f6e-a6ac-1b06071346d8/build/node_modules/react-native-screens/android/src/main/java/com/swmansion/rnscreens/ScreenWindowTraits.kt:52:39 'val systemWindowInsetBottom: Int' is deprecated. Deprecated in Java.
[RUN_GRADLEW] w: file:///tmp/emre/eas-build-local-nodejs/315c31c7-5049-4f6e-a6ac-1b06071346d8/build/node_modules/react-native-screens/android/src/main/java/com/swmansion/rnscreens/ScreensModule.kt:100:14 'fun getEventDispatcherForReactTag(context: ReactContext, reactTag: Int): EventDispatcher?' is deprecated. reactTag is no longer needed.
[RUN_GRADLEW] w: file:///tmp/emre/eas-build-local-nodejs/315c31c7-5049-4f6e-a6ac-1b06071346d8/build/node_modules/react-native-screens/android/src/main/java/com/swmansion/rnscreens/SearchBarView.kt:137:29 'fun getEventDispatcherForReactTag(context: ReactContext, reactTag: Int): EventDispatcher?' is deprecated. reactTag is no longer needed.
[RUN_GRADLEW] w: file:///tmp/emre/eas-build-local-nodejs/315c31c7-5049-4f6e-a6ac-1b06071346d8/build/node_modules/react-native-screens/android/src/main/java/com/swmansion/rnscreens/bottomsheet/BottomSheetDialogRootView.kt:7:8 'object ReactFeatureFlags : Any' is deprecated. Use com.facebook.react.internal.featureflags.ReactNativeFeatureFlags instead.
[RUN_GRADLEW] w: file:///tmp/emre/eas-build-local-nodejs/315c31c7-5049-4f6e-a6ac-1b06071346d8/build/node_modules/react-native-screens/android/src/main/java/com/swmansion/rnscreens/bottomsheet/BottomSheetDialogRootView.kt:25:13 'object ReactFeatureFlags : Any' is deprecated. Use com.facebook.react.internal.featureflags.ReactNativeFeatureFlags instead.
[RUN_GRADLEW] w: file:///tmp/emre/eas-build-local-nodejs/315c31c7-5049-4f6e-a6ac-1b06071346d8/build/node_modules/react-native-screens/android/src/main/java/com/swmansion/rnscreens/bottomsheet/BottomSheetDialogRootView.kt:32:9 The corresponding parameter in the supertype 'ReactViewGroup' is named 'left'. This may cause problems when calling this function with named arguments.
[RUN_GRADLEW] w: file:///tmp/emre/eas-build-local-nodejs/315c31c7-5049-4f6e-a6ac-1b06071346d8/build/node_modules/react-native-screens/android/src/main/java/com/swmansion/rnscreens/bottomsheet/BottomSheetDialogRootView.kt:33:9 The corresponding parameter in the supertype 'ReactViewGroup' is named 'top'. This may cause problems when calling this function with named arguments.
[RUN_GRADLEW] w: file:///tmp/emre/eas-build-local-nodejs/315c31c7-5049-4f6e-a6ac-1b06071346d8/build/node_modules/react-native-screens/android/src/main/java/com/swmansion/rnscreens/bottomsheet/BottomSheetDialogRootView.kt:34:9 The corresponding parameter in the supertype 'ReactViewGroup' is named 'right'. This may cause problems when calling this function with named arguments.
[RUN_GRADLEW] w: file:///tmp/emre/eas-build-local-nodejs/315c31c7-5049-4f6e-a6ac-1b06071346d8/build/node_modules/react-native-screens/android/src/main/java/com/swmansion/rnscreens/bottomsheet/BottomSheetDialogRootView.kt:35:9 The corresponding parameter in the supertype 'ReactViewGroup' is named 'bottom'. This may cause problems when calling this function with named arguments.
[RUN_GRADLEW] w: file:///tmp/emre/eas-build-local-nodejs/315c31c7-5049-4f6e-a6ac-1b06071346d8/build/node_modules/react-native-screens/android/src/main/java/com/swmansion/rnscreens/bottomsheet/BottomSheetDialogRootView.kt:71:9 The corresponding parameter in the supertype 'RootView' is named 'childView'. This may cause problems when calling this function with named arguments.
[RUN_GRADLEW] w: file:///tmp/emre/eas-build-local-nodejs/315c31c7-5049-4f6e-a6ac-1b06071346d8/build/node_modules/react-native-screens/android/src/main/java/com/swmansion/rnscreens/bottomsheet/BottomSheetDialogRootView.kt:72:9 The corresponding parameter in the supertype 'RootView' is named 'ev'. This may cause problems when calling this function with named arguments.
[RUN_GRADLEW] w: file:///tmp/emre/eas-build-local-nodejs/315c31c7-5049-4f6e-a6ac-1b06071346d8/build/node_modules/react-native-screens/android/src/main/java/com/swmansion/rnscreens/bottomsheet/BottomSheetDialogRootView.kt:79:46 The corresponding parameter in the supertype 'RootView' is named 'ev'. This may cause problems when calling this function with named arguments.
[RUN_GRADLEW] w: file:///tmp/emre/eas-build-local-nodejs/315c31c7-5049-4f6e-a6ac-1b06071346d8/build/node_modules/react-native-screens/android/src/main/java/com/swmansion/rnscreens/bottomsheet/BottomSheetDialogRootView.kt:83:9 The corresponding parameter in the supertype 'RootView' is named 'childView'. This may cause problems when calling this function with named arguments.
[RUN_GRADLEW] w: file:///tmp/emre/eas-build-local-nodejs/315c31c7-5049-4f6e-a6ac-1b06071346d8/build/node_modules/react-native-screens/android/src/main/java/com/swmansion/rnscreens/bottomsheet/BottomSheetDialogRootView.kt:84:9 The corresponding parameter in the supertype 'RootView' is named 'ev'. This may cause problems when calling this function with named arguments.
[RUN_GRADLEW] w: file:///tmp/emre/eas-build-local-nodejs/315c31c7-5049-4f6e-a6ac-1b06071346d8/build/node_modules/react-native-screens/android/src/main/java/com/swmansion/rnscreens/bottomsheet/BottomSheetDialogRootView.kt:95:34 The corresponding parameter in the supertype 'RootView' is named 't'. This may cause problems when calling this function with named arguments.
[RUN_GRADLEW] w: file:///tmp/emre/eas-build-local-nodejs/315c31c7-5049-4f6e-a6ac-1b06071346d8/build/node_modules/react-native-screens/android/src/main/java/com/swmansion/rnscreens/bottomsheet/DimmingView.kt:64:9 The corresponding parameter in the supertype 'ReactCompoundView' is named 'touchX'. This may cause problems when calling this function with named arguments.
[RUN_GRADLEW] w: file:///tmp/emre/eas-build-local-nodejs/315c31c7-5049-4f6e-a6ac-1b06071346d8/build/node_modules/react-native-screens/android/src/main/java/com/swmansion/rnscreens/bottomsheet/DimmingView.kt:65:9 The corresponding parameter in the supertype 'ReactCompoundView' is named 'touchY'. This may cause problems when calling this function with named arguments.
[RUN_GRADLEW] w: file:///tmp/emre/eas-build-local-nodejs/315c31c7-5049-4f6e-a6ac-1b06071346d8/build/node_modules/react-native-screens/android/src/main/java/com/swmansion/rnscreens/bottomsheet/DimmingView.kt:69:9 The corresponding parameter in the supertype 'ReactCompoundViewGroup' is named 'touchX'. This may cause problems when calling this function with named arguments.
[RUN_GRADLEW] w: file:///tmp/emre/eas-build-local-nodejs/315c31c7-5049-4f6e-a6ac-1b06071346d8/build/node_modules/react-native-screens/android/src/main/java/com/swmansion/rnscreens/bottomsheet/DimmingView.kt:70:9 The corresponding parameter in the supertype 'ReactCompoundViewGroup' is named 'touchY'. This may cause problems when calling this function with named arguments.
[RUN_GRADLEW] w: file:///tmp/emre/eas-build-local-nodejs/315c31c7-5049-4f6e-a6ac-1b06071346d8/build/node_modules/react-native-screens/android/src/main/java/com/swmansion/rnscreens/gamma/common/event/BaseEventEmitter.kt:12:38 'fun getEventDispatcherForReactTag(context: ReactContext, reactTag: Int): EventDispatcher?' is deprecated. reactTag is no longer needed.
[RUN_GRADLEW] w: file:///tmp/emre/eas-build-local-nodejs/315c31c7-5049-4f6e-a6ac-1b06071346d8/build/node_modules/react-native-screens/android/src/main/java/com/swmansion/rnscreens/gamma/modals/dimmingview/DimmingView.kt:64:9 The corresponding parameter in the supertype 'ReactCompoundView' is named 'touchX'. This may cause problems when calling this function with named arguments.
[RUN_GRADLEW] w: file:///tmp/emre/eas-build-local-nodejs/315c31c7-5049-4f6e-a6ac-1b06071346d8/build/node_modules/react-native-screens/android/src/main/java/com/swmansion/rnscreens/gamma/modals/dimmingview/DimmingView.kt:65:9 The corresponding parameter in the supertype 'ReactCompoundView' is named 'touchY'. This may cause problems when calling this function with named arguments.
[RUN_GRADLEW] w: file:///tmp/emre/eas-build-local-nodejs/315c31c7-5049-4f6e-a6ac-1b06071346d8/build/node_modules/react-native-screens/android/src/main/java/com/swmansion/rnscreens/gamma/modals/dimmingview/DimmingView.kt:69:9 The corresponding parameter in the supertype 'ReactCompoundViewGroup' is named 'touchX'. This may cause problems when calling this function with named arguments.
[RUN_GRADLEW] w: file:///tmp/emre/eas-build-local-nodejs/315c31c7-5049-4f6e-a6ac-1b06071346d8/build/node_modules/react-native-screens/android/src/main/java/com/swmansion/rnscreens/gamma/modals/dimmingview/DimmingView.kt:70:9 The corresponding parameter in the supertype 'ReactCompoundViewGroup' is named 'touchY'. This may cause problems when calling this function with named arguments.
[RUN_GRADLEW] w: file:///tmp/emre/eas-build-local-nodejs/315c31c7-5049-4f6e-a6ac-1b06071346d8/build/node_modules/react-native-screens/android/src/main/java/com/swmansion/rnscreens/gamma/modals/formsheet/FormSheetContentView.kt:11:8 'object ReactFeatureFlags : Any' is deprecated. Use com.facebook.react.internal.featureflags.ReactNativeFeatureFlags instead.
[RUN_GRADLEW] w: file:///tmp/emre/eas-build-local-nodejs/315c31c7-5049-4f6e-a6ac-1b06071346d8/build/node_modules/react-native-screens/android/src/main/java/com/swmansion/rnscreens/gamma/modals/formsheet/FormSheetContentView.kt:39:33 'fun getEventDispatcher(context: ReactContext, uiManagerType: Int): EventDispatcher?' is deprecated. UIManagerType is no longer needed.
[RUN_GRADLEW] w: file:///tmp/emre/eas-build-local-nodejs/315c31c7-5049-4f6e-a6ac-1b06071346d8/build/node_modules/react-native-screens/android/src/main/java/com/swmansion/rnscreens/gamma/modals/formsheet/FormSheetContentView.kt:44:13 'object ReactFeatureFlags : Any' is deprecated. Use com.facebook.react.internal.featureflags.ReactNativeFeatureFlags instead.
[RUN_GRADLEW] w: file:///tmp/emre/eas-build-local-nodejs/315c31c7-5049-4f6e-a6ac-1b06071346d8/build/node_modules/react-native-screens/android/src/main/java/com/swmansion/rnscreens/gamma/modals/formsheet/FormSheetHostViewManager.kt:38:9 The corresponding parameter in the supertype 'FormSheetHostViewManager' is named 'view'. This may cause problems when calling this function with named arguments.
[RUN_GRADLEW] w: file:///tmp/emre/eas-build-local-nodejs/315c31c7-5049-4f6e-a6ac-1b06071346d8/build/node_modules/react-native-screens/android/src/main/java/com/swmansion/rnscreens/gamma/tabs/host/TabsHostViewManager.kt:44:9 The corresponding parameter in the supertype 'TabsHostViewManager' is named 'view'. This may cause problems when calling this function with named arguments.
[RUN_GRADLEW] w: file:///tmp/emre/eas-build-local-nodejs/315c31c7-5049-4f6e-a6ac-1b06071346d8/build/node_modules/react-native-screens/android/src/main/java/com/swmansion/rnscreens/safearea/SafeAreaView.kt:143:45 'fun consumeDisplayCutout(): @NonNull() WindowInsetsCompat' is deprecated. Deprecated in Java.
[RUN_GRADLEW] > Task :react-native-worklets:compileReleaseKotlin
[RUN_GRADLEW] > Task :react-native-mmkv:buildCMakeRelWithDebInfo[x86]
[RUN_GRADLEW] C/C++: Hard link from '/home/emre/.gradle/caches/9.3.1/transforms/e88424997ecf7ed9545c92fde2f71276/transformed/react-android-0.86.2-release/prefab/modules/reactnative/libs/android.x86/libreactnative.so' to '/tmp/emre/eas-build-local-nodejs/315c31c7-5049-4f6e-a6ac-1b06071346d8/build/node_modules/react-native-mmkv/android/build/intermediates/cxx/RelWithDebInfo/q3p711k1/obj/x86/libreactnative.so' failed. Doing a slower copy instead.
[RUN_GRADLEW] C/C++: Hard link from '/home/emre/.gradle/caches/9.3.1/transforms/e88424997ecf7ed9545c92fde2f71276/transformed/react-android-0.86.2-release/prefab/modules/reactnative/libs/android.x86/libreactnative.so' to '/tmp/emre/eas-build-local-nodejs/315c31c7-5049-4f6e-a6ac-1b06071346d8/build/node_modules/react-native-mmkv/android/build/intermediates/cxx/RelWithDebInfo/q3p711k1/obj/x86/libreactnative.so' failed. Doing a slower copy instead.
[RUN_GRADLEW] > Task :react-native-reanimated:configureCMakeRelWithDebInfo[armeabi-v7a] FAILED
[RUN_GRADLEW] C/C++: CMake Error at /home/emre/Android/Sdk/cmake/3.22.1/share/cmake-3.22/Modules/CMakeTestCCompiler.cmake:69 (message):
[RUN_GRADLEW] C/C++:   The C compiler
[RUN_GRADLEW] C/C++:     "/home/emre/Android/Sdk/ndk/27.1.12297006/toolchains/llvm/prebuilt/linux-x86_64/bin/clang"
[RUN_GRADLEW] C/C++:   is not able to compile a simple test program.
[RUN_GRADLEW] C/C++:   It fails with the following output:
[RUN_GRADLEW] C/C++:     Change Dir: /tmp/emre/eas-build-local-nodejs/315c31c7-5049-4f6e-a6ac-1b06071346d8/build/node_modules/react-native-reanimated/android/.cxx/RelWithDebInfo/y1z214a1/armeabi-v7a/CMakeFiles/CMakeTmp
[RUN_GRADLEW] C/C++:     
[RUN_GRADLEW] C/C++:     Run Build Command(s):/home/emre/Android/Sdk/cmake/3.22.1/bin/ninja cmTC_25c20 && ninja: error: unknown target 'cmTC_25c20'
[RUN_GRADLEW] C/C++:     
[RUN_GRADLEW] C/C++:     
[RUN_GRADLEW] C/C++:   
[RUN_GRADLEW] C/C++:   CMake will not be able to correctly generate this project.
[RUN_GRADLEW] C/C++: Call Stack (most recent call first):
[RUN_GRADLEW] C/C++:   CMakeLists.txt:1 (project)
[RUN_GRADLEW] > Task :react-native-mmkv:buildCMakeRelWithDebInfo[x86] FAILED
[RUN_GRADLEW] > Task :react-native-worklets:compileReleaseJavaWithJavac
[RUN_GRADLEW] /tmp/emre/eas-build-local-nodejs/315c31c7-5049-4f6e-a6ac-1b06071346d8/build/node_modules/react-native-worklets/android/build/generated/source/codegen/java/com/swmansion/worklets/NativeWorkletsModuleSpec.java:22: error: error while writing NativeWorkletsModuleSpec: No space left on device
[RUN_GRADLEW] public abstract class NativeWorkletsModuleSpec extends ReactContextBaseJavaModule implements TurboModule {
[RUN_GRADLEW]                 ^
[RUN_GRADLEW] 1 error
[RUN_GRADLEW] > Task :react-native-worklets:compileReleaseJavaWithJavac FAILED
[RUN_GRADLEW] Could not read standard output of command '/home/emre/Android/Sdk/cmake/3.22.1/bin/ninja'.
[RUN_GRADLEW] java.io.IOException: No space left on device
[RUN_GRADLEW] 	at java.base/java.io.FileOutputStream.writeBytes(Native Method)
[RUN_GRADLEW] 	at java.base/java.io.FileOutputStream.write(FileOutputStream.java:367)
[RUN_GRADLEW] 	at com.android.build.gradle.internal.cxx.process.MultiplexingOutputStream.write(MultiplexingOutputStream.kt:30)
[RUN_GRADLEW] 	at org.gradle.process.internal.streams.ExecOutputHandleRunner.writeBuffer(ExecOutputHandleRunner.java:97)
[RUN_GRADLEW] 	at org.gradle.process.internal.streams.ExecOutputHandleRunner.lambda$forwardContent$0(ExecOutputHandleRunner.java:81)
[RUN_GRADLEW] 	at org.gradle.internal.operations.CurrentBuildOperationRef.with(CurrentBuildOperationRef.java:74)
[RUN_GRADLEW] 	at org.gradle.process.internal.streams.ExecOutputHandleRunner.forwardContent(ExecOutputHandleRunner.java:80)
[RUN_GRADLEW] 	at org.gradle.process.internal.streams.ExecOutputHandleRunner.run(ExecOutputHandleRunner.java:64)
[RUN_GRADLEW] 	at org.gradle.internal.concurrent.ExecutorPolicy$CatchAndRecordFailures.onExecute(ExecutorPolicy.java:64)
[RUN_GRADLEW] 	at org.gradle.internal.concurrent.AbstractManagedExecutor$1.run(AbstractManagedExecutor.java:47)
[RUN_GRADLEW] 	at java.base/java.util.concurrent.ThreadPoolExecutor.runWorker(ThreadPoolExecutor.java:1144)
[RUN_GRADLEW] 	at java.base/java.util.concurrent.ThreadPoolExecutor$Worker.run(ThreadPoolExecutor.java:642)
[RUN_GRADLEW] 	at java.base/java.lang.Thread.run(Thread.java:1583)
[RUN_GRADLEW] > Task :react-native-screens:compileReleaseJavaWithJavac
[RUN_GRADLEW] /tmp/emre/eas-build-local-nodejs/315c31c7-5049-4f6e-a6ac-1b06071346d8/build/node_modules/react-native-screens/android/build/generated/source/codegen/java/com/swmansion/rnscreens/NativeScreensModuleSpec.java:22: error: error while writing NativeScreensModuleSpec: No space left on device
[RUN_GRADLEW] public abstract class NativeScreensModuleSpec extends ReactContextBaseJavaModule implements TurboModule {
[RUN_GRADLEW]                 ^
[RUN_GRADLEW] > Task :expo-modules-core:buildCMakeRelWithDebInfo[arm64-v8a] FAILED
[RUN_GRADLEW] Failed to execute org.gradle.cache.internal.AsyncCacheAccessDecoratedCache$$Lambda/0x00007ff36a58e978@6fcc7b7a.
[RUN_GRADLEW] java.io.UncheckedIOException: Could not add entry ':expo-modules-core:buildCMakeRelWithDebInfo[arm64-v8a]' to cache executionHistory.bin (/tmp/emre/eas-build-local-nodejs/315c31c7-5049-4f6e-a6ac-1b06071346d8/build/android/.gradle/9.3.1/executionHistory/executionHistory.bin).
[RUN_GRADLEW] 	at org.gradle.internal.UncheckedException.throwAsUncheckedException(UncheckedException.java:61)
[RUN_GRADLEW] 	at org.gradle.cache.internal.btree.BTreePersistentIndexedCache.put(BTreePersistentIndexedCache.java:161)
[RUN_GRADLEW] 	at org.gradle.cache.internal.DefaultMultiProcessSafeIndexedCache.lambda$put$1(DefaultMultiProcessSafeIndexedCache.java:67)
[RUN_GRADLEW] 	at org.gradle.cache.internal.DefaultFileLockManager$DefaultFileLock.doWriteAction(DefaultFileLockManager.java:232)
[RUN_GRADLEW] 	at org.gradle.cache.internal.DefaultFileLockManager$DefaultFileLock.writeFile(DefaultFileLockManager.java:222)
[RUN_GRADLEW] 	at org.gradle.cache.internal.DefaultCacheCoordinator$UnitOfWorkFileAccess.writeFile(DefaultCacheCoordinator.java:488)
[RUN_GRADLEW] at org.gradle.cache.internal.DefaultMultiProcessSafeIndexedCache.put(DefaultMultiProcessSafeIndexedCache.java:67)
[RUN_GRADLEW] 	at org.gradle.cache.internal.AsyncCacheAccessDecoratedCache.lambda$putLater$1(AsyncCacheAccessDecoratedCache.java:56)
[RUN_GRADLEW] 	at org.gradle.internal.concurrent.ExecutorPolicy$CatchAndRecordFailures.onExecute(ExecutorPolicy.java:64)
[RUN_GRADLEW] 	at org.gradle.cache.internal.ExclusiveCacheAccessingWorker$1.run(ExclusiveCacheAccessingWorker.java:174)
[RUN_GRADLEW] 	at org.gradle.cache.internal.DefaultCacheCoordinator.lambda$toSupplier$2(DefaultCacheCoordinator.java:241)
[RUN_GRADLEW] 	at org.gradle.cache.internal.DefaultCacheCoordinator.useCache(DefaultCacheCoordinator.java:262)
[RUN_GRADLEW] 	at org.gradle.cache.internal.DefaultCacheCoordinator.useCache(DefaultCacheCoordinator.java:236)
[RUN_GRADLEW] 	at org.gradle.cache.internal.ExclusiveCacheAccessingWorker.flushOperations(ExclusiveCacheAccessingWorker.java:169)
[RUN_GRADLEW] 	at org.gradle.cache.internal.ExclusiveCacheAccessingWorker.run(ExclusiveCacheAccessingWorker.java:139)
[RUN_GRADLEW] 	at org.gradle.internal.concurrent.ExecutorPolicy$CatchAndRecordFailures.onExecute(ExecutorPolicy.java:64)
[RUN_GRADLEW] 	at org.gradle.internal.concurrent.AbstractManagedExecutor$1.run(AbstractManagedExecutor.java:47)
[RUN_GRADLEW] 	at java.base/java.util.concurrent.ThreadPoolExecutor.runWorker(ThreadPoolExecutor.java:1144)
[RUN_GRADLEW] 	at java.base/java.util.concurrent.ThreadPoolExecutor$Worker.run(ThreadPoolExecutor.java:642)
[RUN_GRADLEW] 	at java.base/java.lang.Thread.run(Thread.java:1583)
[RUN_GRADLEW] Caused by: java.io.IOException: Could not add entry ':expo-modules-core:buildCMakeRelWithDebInfo[arm64-v8a]' to cache executionHistory.bin (/tmp/emre/eas-build-local-nodejs/315c31c7-5049-4f6e-a6ac-1b06071346d8/build/android/.gradle/9.3.1/executionHistory/executionHistory.bin).
[RUN_GRADLEW] 	... 19 more
[RUN_GRADLEW] Caused by: java.io.UncheckedIOException: java.io.IOException: No space left on device
[RUN_GRADLEW] 	at org.gradle.internal.UncheckedException.throwAsUncheckedException(UncheckedException.java:63)
[RUN_GRADLEW] 	at org.gradle.internal.UncheckedException.throwAsUncheckedException(UncheckedException.java:42)
[RUN_GRADLEW] 	at org.gradle.cache.internal.btree.FileBackedBlockStore.write(FileBackedBlockStore.java:140)
[RUN_GRADLEW] 	at org.gradle.cache.internal.btree.CachingBlockStore.flush(CachingBlockStore.java:64)
[RUN_GRADLEW] 	at org.gradle.cache.internal.btree.FreeListBlockStore.flush(FreeListBlockStore.java:103)
[RUN_GRADLEW] 	at org.gradle.cache.internal.btree.StateCheckBlockStore.flush(StateCheckBlockStore.java:85)
[RUN_GRADLEW] 	at org.gradle.cache.internal.btree.BTreePersistentIndexedCache.put(BTreePersistentIndexedCache.java:159)
[RUN_GRADLEW] 	... 18 more
[RUN_GRADLEW] Caused by: java.io.IOException: No space left on device
[RUN_GRADLEW] 	at java.base/java.io.RandomAccessFile.writeBytes0(Native Method)
[RUN_GRADLEW] 	at java.base/java.io.RandomAccessFile.writeBytes(RandomAccessFile.java:572)
[RUN_GRADLEW] 	at java.base/java.io.RandomAccessFile.write(RandomAccessFile.java:602)
[RUN_GRADLEW] 	at org.gradle.internal.file.RandomAccessFileOutputStream.write(RandomAccessFileOutputStream.java:47)
[RUN_GRADLEW] 	at java.base/java.io.BufferedOutputStream.flushBuffer(BufferedOutputStream.java:125)
[RUN_GRADLEW] 	at java.base/java.io.BufferedOutputStream.implFlush(BufferedOutputStream.java:252)
[RUN_GRADLEW] 	at java.base/java.io.BufferedOutputStream.flush(BufferedOutputStream.java:246)
[RUN_GRADLEW] 	at java.base/java.io.FilterOutputStream.flush(FilterOutputStream.java:155)
[RUN_GRADLEW] 	at org.gradle.cache.internal.btree.ByteOutput.done(ByteOutput.java:62)
[RUN_GRADLEW] 	at org.gradle.cache.internal.btree.FileBackedBlockStore$BlockImpl.write(FileBackedBlockStore.java:223)
[RUN_GRADLEW] 	at org.gradle.cache.internal.btree.FileBackedBlockStore.write(FileBackedBlockStore.java:136)
[RUN_GRADLEW] 	... 22 more
[RUN_GRADLEW] > Task :react-native-screens:compileReleaseJavaWithJavac FAILED
[RUN_GRADLEW] 1 error
[RUN_GRADLEW] Failed to execute org.gradle.cache.internal.AsyncCacheAccessDecoratedCache$$Lambda/0x00007ff36a58e978@6b808146.
[RUN_GRADLEW] java.io.UncheckedIOException: Could not add entry ':react-native-screens:compileReleaseJavaWithJavac' to cache executionHistory.bin (/tmp/emre/eas-build-local-nodejs/315c31c7-5049-4f6e-a6ac-1b06071346d8/build/android/.gradle/9.3.1/executionHistory/executionHistory.bin).
[RUN_GRADLEW] 	at org.gradle.internal.UncheckedException.throwAsUncheckedException(UncheckedException.java:61)
[RUN_GRADLEW] 	at org.gradle.cache.internal.btree.BTreePersistentIndexedCache.put(BTreePersistentIndexedCache.java:161)
[RUN_GRADLEW] 	at org.gradle.cache.internal.DefaultMultiProcessSafeIndexedCache.lambda$put$1(DefaultMultiProcessSafeIndexedCache.java:67)
[RUN_GRADLEW] at org.gradle.cache.internal.DefaultFileLockManager$DefaultFileLock.doWriteAction(DefaultFileLockManager.java:232)
[RUN_GRADLEW] 	at org.gradle.cache.internal.DefaultFileLockManager$DefaultFileLock.writeFile(DefaultFileLockManager.java:222)
[RUN_GRADLEW] 	at org.gradle.cache.internal.DefaultCacheCoordinator$UnitOfWorkFileAccess.writeFile(DefaultCacheCoordinator.java:488)
[RUN_GRADLEW] 	at org.gradle.cache.internal.DefaultMultiProcessSafeIndexedCache.put(DefaultMultiProcessSafeIndexedCache.java:67)
[RUN_GRADLEW] 	at org.gradle.cache.internal.AsyncCacheAccessDecoratedCache.lambda$putLater$1(AsyncCacheAccessDecoratedCache.java:56)
[RUN_GRADLEW] 	at org.gradle.internal.concurrent.ExecutorPolicy$CatchAndRecordFailures.onExecute(ExecutorPolicy.java:64)
[RUN_GRADLEW] 	at org.gradle.cache.internal.ExclusiveCacheAccessingWorker$1.run(ExclusiveCacheAccessingWorker.java:174)
[RUN_GRADLEW] 	at org.gradle.cache.internal.DefaultCacheCoordinator.lambda$toSupplier$2(DefaultCacheCoordinator.java:241)
[RUN_GRADLEW] 	at org.gradle.cache.internal.DefaultCacheCoordinator.useCache(DefaultCacheCoordinator.java:262)
[RUN_GRADLEW] 	at org.gradle.cache.internal.DefaultCacheCoordinator.useCache(DefaultCacheCoordinator.java:236)
[RUN_GRADLEW] 	at org.gradle.cache.internal.ExclusiveCacheAccessingWorker.flushOperations(ExclusiveCacheAccessingWorker.java:169)
[RUN_GRADLEW] 	at org.gradle.cache.internal.ExclusiveCacheAccessingWorker.run(ExclusiveCacheAccessingWorker.java:139)
[RUN_GRADLEW] 	at org.gradle.internal.concurrent.ExecutorPolicy$CatchAndRecordFailures.onExecute(ExecutorPolicy.java:64)
[RUN_GRADLEW] 	at org.gradle.internal.concurrent.AbstractManagedExecutor$1.run(AbstractManagedExecutor.java:47)
[RUN_GRADLEW] 	at java.base/java.util.concurrent.ThreadPoolExecutor.runWorker(ThreadPoolExecutor.java:1144)
[RUN_GRADLEW] 	at java.base/java.util.concurrent.ThreadPoolExecutor$Worker.run(ThreadPoolExecutor.java:642)
[RUN_GRADLEW] 	at java.base/java.lang.Thread.run(Thread.java:1583)
[RUN_GRADLEW] Caused by: java.io.IOException: Could not add entry ':react-native-screens:compileReleaseJavaWithJavac' to cache executionHistory.bin (/tmp/emre/eas-build-local-nodejs/315c31c7-5049-4f6e-a6ac-1b06071346d8/build/android/.gradle/9.3.1/executionHistory/executionHistory.bin).
[RUN_GRADLEW] 	... 19 more
[RUN_GRADLEW] Caused by: java.io.UncheckedIOException: java.io.IOException: No space left on device
[RUN_GRADLEW] 	at org.gradle.internal.UncheckedException.throwAsUncheckedException(UncheckedException.java:63)
[RUN_GRADLEW] 	at org.gradle.internal.UncheckedException.throwAsUncheckedException(UncheckedException.java:42)
[RUN_GRADLEW] 	at org.gradle.cache.internal.btree.FileBackedBlockStore.write(FileBackedBlockStore.java:140)
[RUN_GRADLEW] 	at org.gradle.cache.internal.btree.CachingBlockStore.flush(CachingBlockStore.java:64)
[RUN_GRADLEW] 	at org.gradle.cache.internal.btree.FreeListBlockStore.flush(FreeListBlockStore.java:103)
[RUN_GRADLEW] 	at org.gradle.cache.internal.btree.StateCheckBlockStore.flush(StateCheckBlockStore.java:85)
[RUN_GRADLEW] 	at org.gradle.cache.internal.btree.BTreePersistentIndexedCache.put(BTreePersistentIndexedCache.java:159)
[RUN_GRADLEW] 	... 18 more
[RUN_GRADLEW] Caused by: java.io.IOException: No space left on device
[RUN_GRADLEW] 	at java.base/java.io.RandomAccessFile.writeBytes0(Native Method)
[RUN_GRADLEW] 	at java.base/java.io.RandomAccessFile.writeBytes(RandomAccessFile.java:572)
[RUN_GRADLEW] 	at java.base/java.io.RandomAccessFile.write(RandomAccessFile.java:602)
[RUN_GRADLEW] 	at org.gradle.internal.file.RandomAccessFileOutputStream.write(RandomAccessFileOutputStream.java:47)
[RUN_GRADLEW] 	at java.base/java.io.BufferedOutputStream.flushBuffer(BufferedOutputStream.java:125)
[RUN_GRADLEW] 	at java.base/java.io.BufferedOutputStream.implWrite(BufferedOutputStream.java:222)
[RUN_GRADLEW] 	at java.base/java.io.BufferedOutputStream.write(BufferedOutputStream.java:206)
[RUN_GRADLEW] 	at com.google.common.io.CountingOutputStream.write(CountingOutputStream.java:53)
[RUN_GRADLEW] 	at java.base/java.io.DataOutputStream.write(DataOutputStream.java:115)
[RUN_GRADLEW] 	at org.gradle.internal.io.StreamByteBuffer$StreamByteBufferChunk.writeTo(StreamByteBuffer.java:356)
[RUN_GRADLEW] 	at org.gradle.internal.io.StreamByteBuffer.writeTo(StreamByteBuffer.java:104)
[RUN_GRADLEW] 	at org.gradle.cache.internal.btree.BTreePersistentIndexedCache$DataBlock.write(BTreePersistentIndexedCache.java:711)
[RUN_GRADLEW] 	at org.gradle.cache.internal.btree.FileBackedBlockStore$BlockImpl.write(FileBackedBlockStore.java:215)
[RUN_GRADLEW] 	at org.gradle.cache.internal.btree.FileBackedBlockStore.write(FileBackedBlockStore.java:136)
[RUN_GRADLEW] 	... 22 more
[RUN_GRADLEW] > Task :shopify_react-native-skia:buildCMakeRelWithDebInfo[armeabi-v7a]
[RUN_GRADLEW] Could not read standard output of command '/home/emre/Android/Sdk/cmake/3.22.1/bin/ninja'.
[RUN_GRADLEW] java.io.IOException: No space left on device
[RUN_GRADLEW] 	at java.base/java.io.FileOutputStream.writeBytes(Native Method)
[RUN_GRADLEW] 	at java.base/java.io.FileOutputStream.write(FileOutputStream.java:367)
[RUN_GRADLEW] 	at com.android.build.gradle.internal.cxx.process.MultiplexingOutputStream.write(MultiplexingOutputStream.kt:30)
[RUN_GRADLEW] 	at org.gradle.process.internal.streams.ExecOutputHandleRunner.writeBuffer(ExecOutputHandleRunner.java:97)
[RUN_GRADLEW] 	at org.gradle.process.internal.streams.ExecOutputHandleRunner.lambda$forwardContent$0(ExecOutputHandleRunner.java:81)
[RUN_GRADLEW] 	at org.gradle.internal.operations.CurrentBuildOperationRef.with(CurrentBuildOperationRef.java:74)
[RUN_GRADLEW] 	at org.gradle.process.internal.streams.ExecOutputHandleRunner.forwardContent(ExecOutputHandleRunner.java:80)
[RUN_GRADLEW] 	at org.gradle.process.internal.streams.ExecOutputHandleRunner.run(ExecOutputHandleRunner.java:64)
[RUN_GRADLEW] 	at org.gradle.internal.concurrent.ExecutorPolicy$CatchAndRecordFailures.onExecute(ExecutorPolicy.java:64)
[RUN_GRADLEW] 	at org.gradle.internal.concurrent.AbstractManagedExecutor$1.run(AbstractManagedExecutor.java:47)
[RUN_GRADLEW] at java.base/java.util.concurrent.ThreadPoolExecutor.runWorker(ThreadPoolExecutor.java:1144)
[RUN_GRADLEW] 	at java.base/java.util.concurrent.ThreadPoolExecutor$Worker.run(ThreadPoolExecutor.java:642)
[RUN_GRADLEW] 	at java.base/java.lang.Thread.run(Thread.java:1583)
[RUN_GRADLEW] Failed to execute org.gradle.cache.internal.AsyncCacheAccessDecoratedCache$$Lambda/0x00007ff36a58e978@4a90b461.
[RUN_GRADLEW] java.io.UncheckedIOException: Could not add entry ':shopify_react-native-skia:buildCMakeRelWithDebInfo[armeabi-v7a]' to cache executionHistory.bin (/tmp/emre/eas-build-local-nodejs/315c31c7-5049-4f6e-a6ac-1b06071346d8/build/android/.gradle/9.3.1/executionHistory/executionHistory.bin).
[RUN_GRADLEW] 	at org.gradle.internal.UncheckedException.throwAsUncheckedException(UncheckedException.java:61)
[RUN_GRADLEW] 	at org.gradle.cache.internal.btree.BTreePersistentIndexedCache.put(BTreePersistentIndexedCache.java:161)
[RUN_GRADLEW] 	at org.gradle.cache.internal.DefaultMultiProcessSafeIndexedCache.lambda$put$1(DefaultMultiProcessSafeIndexedCache.java:67)
[RUN_GRADLEW] 	at org.gradle.cache.internal.DefaultFileLockManager$DefaultFileLock.doWriteAction(DefaultFileLockManager.java:232)
[RUN_GRADLEW] 	at org.gradle.cache.internal.DefaultFileLockManager$DefaultFileLock.writeFile(DefaultFileLockManager.java:222)
[RUN_GRADLEW] 	at org.gradle.cache.internal.DefaultCacheCoordinator$UnitOfWorkFileAccess.writeFile(DefaultCacheCoordinator.java:488)
[RUN_GRADLEW] 	at org.gradle.cache.internal.DefaultMultiProcessSafeIndexedCache.put(DefaultMultiProcessSafeIndexedCache.java:67)
[RUN_GRADLEW] 	at org.gradle.cache.internal.AsyncCacheAccessDecoratedCache.lambda$putLater$1(AsyncCacheAccessDecoratedCache.java:56)
[RUN_GRADLEW] 	at org.gradle.internal.concurrent.ExecutorPolicy$CatchAndRecordFailures.onExecute(ExecutorPolicy.java:64)
[RUN_GRADLEW] 	at org.gradle.cache.internal.ExclusiveCacheAccessingWorker$1.run(ExclusiveCacheAccessingWorker.java:174)
[RUN_GRADLEW] 	at org.gradle.cache.internal.DefaultCacheCoordinator.lambda$toSupplier$2(DefaultCacheCoordinator.java:241)
[RUN_GRADLEW] 	at org.gradle.cache.internal.DefaultCacheCoordinator.useCache(DefaultCacheCoordinator.java:262)
[RUN_GRADLEW] 	at org.gradle.cache.internal.DefaultCacheCoordinator.useCache(DefaultCacheCoordinator.java:236)
[RUN_GRADLEW] 	at org.gradle.cache.internal.ExclusiveCacheAccessingWorker.flushOperations(ExclusiveCacheAccessingWorker.java:169)
[RUN_GRADLEW] 	at org.gradle.cache.internal.ExclusiveCacheAccessingWorker.run(ExclusiveCacheAccessingWorker.java:139)
[RUN_GRADLEW] 	at org.gradle.internal.concurrent.ExecutorPolicy$CatchAndRecordFailures.onExecute(ExecutorPolicy.java:64)
[RUN_GRADLEW] > Task :shopify_react-native-skia:buildCMakeRelWithDebInfo[armeabi-v7a] FAILED
[RUN_GRADLEW] at org.gradle.internal.concurrent.AbstractManagedExecutor$1.run(AbstractManagedExecutor.java:47)
[RUN_GRADLEW] 	at java.base/java.util.concurrent.ThreadPoolExecutor.runWorker(ThreadPoolExecutor.java:1144)
[RUN_GRADLEW] 	at java.base/java.util.concurrent.ThreadPoolExecutor$Worker.run(ThreadPoolExecutor.java:642)
[RUN_GRADLEW] 	at java.base/java.lang.Thread.run(Thread.java:1583)
[RUN_GRADLEW] Caused by: java.io.IOException: Could not add entry ':shopify_react-native-skia:buildCMakeRelWithDebInfo[armeabi-v7a]' to cache executionHistory.bin (/tmp/emre/eas-build-local-nodejs/315c31c7-5049-4f6e-a6ac-1b06071346d8/build/android/.gradle/9.3.1/executionHistory/executionHistory.bin).
[RUN_GRADLEW] 	... 19 more
[RUN_GRADLEW] Caused by: java.io.UncheckedIOException: java.io.IOException: No space left on device
[RUN_GRADLEW] 	at org.gradle.internal.UncheckedException.throwAsUncheckedException(UncheckedException.java:63)
[RUN_GRADLEW] 	at org.gradle.internal.UncheckedException.throwAsUncheckedException(UncheckedException.java:42)
[RUN_GRADLEW] 	at org.gradle.cache.internal.btree.FileBackedBlockStore.write(FileBackedBlockStore.java:140)
[RUN_GRADLEW] 	at org.gradle.cache.internal.btree.CachingBlockStore.flush(CachingBlockStore.java:64)
[RUN_GRADLEW] 	at org.gradle.cache.internal.btree.FreeListBlockStore.flush(FreeListBlockStore.java:103)
[RUN_GRADLEW] 	at org.gradle.cache.internal.btree.StateCheckBlockStore.flush(StateCheckBlockStore.java:85)
[RUN_GRADLEW] 	at org.gradle.cache.internal.btree.BTreePersistentIndexedCache.put(BTreePersistentIndexedCache.java:159)
[RUN_GRADLEW] 	... 18 more
[RUN_GRADLEW] Caused by: java.io.IOException: No space left on device
[RUN_GRADLEW] 	at java.base/java.io.RandomAccessFile.writeBytes0(Native Method)
[RUN_GRADLEW] 	at java.base/java.io.RandomAccessFile.writeBytes(RandomAccessFile.java:572)
[RUN_GRADLEW] 	at java.base/java.io.RandomAccessFile.write(RandomAccessFile.java:602)
[RUN_GRADLEW] 	at org.gradle.internal.file.RandomAccessFileOutputStream.write(RandomAccessFileOutputStream.java:47)
[RUN_GRADLEW] 	at java.base/java.io.BufferedOutputStream.flushBuffer(BufferedOutputStream.java:125)
[RUN_GRADLEW] 	at java.base/java.io.BufferedOutputStream.implFlush(BufferedOutputStream.java:252)
[RUN_GRADLEW] 	at java.base/java.io.BufferedOutputStream.flush(BufferedOutputStream.java:246)
[RUN_GRADLEW] 	at java.base/java.io.FilterOutputStream.flush(FilterOutputStream.java:155)
[RUN_GRADLEW] 	at org.gradle.cache.internal.btree.ByteOutput.done(ByteOutput.java:62)
[RUN_GRADLEW] 	at org.gradle.cache.internal.btree.FileBackedBlockStore$BlockImpl.write(FileBackedBlockStore.java:223)
[RUN_GRADLEW] 	at org.gradle.cache.internal.btree.FileBackedBlockStore.write(FileBackedBlockStore.java:136)
[RUN_GRADLEW] 	... 22 more
[RUN_GRADLEW] > Task :app:createBundleReleaseJsAndAssets
[RUN_GRADLEW] LLVM ERROR: IO failure on output stream: No space left on device
[RUN_GRADLEW] > Task :app:createBundleReleaseJsAndAssets FAILED
[RUN_GRADLEW] Failed to execute org.gradle.cache.internal.AsyncCacheAccessDecoratedCache$$Lambda/0x00007ff36a58e978@27c8ce61.
[RUN_GRADLEW] java.io.UncheckedIOException: Could not add entry ':app:createBundleReleaseJsAndAssets' to cache executionHistory.bin (/tmp/emre/eas-build-local-nodejs/315c31c7-5049-4f6e-a6ac-1b06071346d8/build/android/.gradle/9.3.1/executionHistory/executionHistory.bin).
[RUN_GRADLEW] 	at org.gradle.internal.UncheckedException.throwAsUncheckedException(UncheckedException.java:61)
[RUN_GRADLEW] 	at org.gradle.cache.internal.btree.BTreePersistentIndexedCache.put(BTreePersistentIndexedCache.java:161)
[RUN_GRADLEW] 	at org.gradle.cache.internal.DefaultMultiProcessSafeIndexedCache.lambda$put$1(DefaultMultiProcessSafeIndexedCache.java:67)
[RUN_GRADLEW] at org.gradle.cache.internal.DefaultFileLockManager$DefaultFileLock.doWriteAction(DefaultFileLockManager.java:232)
[RUN_GRADLEW] 	at org.gradle.cache.internal.DefaultFileLockManager$DefaultFileLock.writeFile(DefaultFileLockManager.java:222)
[RUN_GRADLEW] 	at org.gradle.cache.internal.DefaultCacheCoordinator$UnitOfWorkFileAccess.writeFile(DefaultCacheCoordinator.java:488)
[RUN_GRADLEW] 	at org.gradle.cache.internal.DefaultMultiProcessSafeIndexedCache.put(DefaultMultiProcessSafeIndexedCache.java:67)
[RUN_GRADLEW] 	at org.gradle.cache.internal.AsyncCacheAccessDecoratedCache.lambda$putLater$1(AsyncCacheAccessDecoratedCache.java:56)
[RUN_GRADLEW] 	at org.gradle.internal.concurrent.ExecutorPolicy$CatchAndRecordFailures.onExecute(ExecutorPolicy.java:64)
[RUN_GRADLEW] 	at org.gradle.cache.internal.ExclusiveCacheAccessingWorker$1.run(ExclusiveCacheAccessingWorker.java:174)
[RUN_GRADLEW] 	at org.gradle.cache.internal.DefaultCacheCoordinator.lambda$toSupplier$2(DefaultCacheCoordinator.java:241)
[RUN_GRADLEW] 	at org.gradle.cache.internal.DefaultCacheCoordinator.useCache(DefaultCacheCoordinator.java:262)
[RUN_GRADLEW] 	at org.gradle.cache.internal.DefaultCacheCoordinator.useCache(DefaultCacheCoordinator.java:236)
[RUN_GRADLEW] 	at org.gradle.cache.internal.ExclusiveCacheAccessingWorker.flushOperations(ExclusiveCacheAccessingWorker.java:169)
[RUN_GRADLEW] 	at org.gradle.cache.internal.ExclusiveCacheAccessingWorker.run(ExclusiveCacheAccessingWorker.java:139)
[RUN_GRADLEW] 	at org.gradle.internal.concurrent.ExecutorPolicy$CatchAndRecordFailures.onExecute(ExecutorPolicy.java:64)
[RUN_GRADLEW] 	at org.gradle.internal.concurrent.AbstractManagedExecutor$1.run(AbstractManagedExecutor.java:47)
[RUN_GRADLEW] at java.base/java.util.concurrent.ThreadPoolExecutor.runWorker(ThreadPoolExecutor.java:1144)
[RUN_GRADLEW] 	at java.base/java.util.concurrent.ThreadPoolExecutor$Worker.run(ThreadPoolExecutor.java:642)
[RUN_GRADLEW] 	at java.base/java.lang.Thread.run(Thread.java:1583)
[RUN_GRADLEW] Caused by: java.io.IOException: Could not add entry ':app:createBundleReleaseJsAndAssets' to cache executionHistory.bin (/tmp/emre/eas-build-local-nodejs/315c31c7-5049-4f6e-a6ac-1b06071346d8/build/android/.gradle/9.3.1/executionHistory/executionHistory.bin).
[RUN_GRADLEW] 	... 19 more
[RUN_GRADLEW] Caused by: java.io.UncheckedIOException: java.io.IOException: No space left on device
[RUN_GRADLEW] 	at org.gradle.internal.UncheckedException.throwAsUncheckedException(UncheckedException.java:63)
[RUN_GRADLEW] 	at org.gradle.internal.UncheckedException.throwAsUncheckedException(UncheckedException.java:42)
[RUN_GRADLEW] 	at org.gradle.cache.internal.btree.FileBackedBlockStore.write(FileBackedBlockStore.java:140)
[RUN_GRADLEW] 	at org.gradle.cache.internal.btree.CachingBlockStore.flush(CachingBlockStore.java:64)
[RUN_GRADLEW] 	at org.gradle.cache.internal.btree.FreeListBlockStore.flush(FreeListBlockStore.java:103)
[RUN_GRADLEW] 	at org.gradle.cache.internal.btree.StateCheckBlockStore.flush(StateCheckBlockStore.java:85)
[RUN_GRADLEW] 	at org.gradle.cache.internal.btree.BTreePersistentIndexedCache.put(BTreePersistentIndexedCache.java:159)
[RUN_GRADLEW] 	... 18 more
[RUN_GRADLEW] Caused by: java.io.IOException: No space left on device
[RUN_GRADLEW] 	at java.base/java.io.RandomAccessFile.writeBytes0(Native Method)
[RUN_GRADLEW] 	at java.base/java.io.RandomAccessFile.writeBytes(RandomAccessFile.java:572)
[RUN_GRADLEW] 	at java.base/java.io.RandomAccessFile.write(RandomAccessFile.java:602)
[RUN_GRADLEW] 	at org.gradle.internal.file.RandomAccessFileOutputStream.write(RandomAccessFileOutputStream.java:47)
[RUN_GRADLEW] 	at java.base/java.io.BufferedOutputStream.flushBuffer(BufferedOutputStream.java:125)
[RUN_GRADLEW] 	at java.base/java.io.BufferedOutputStream.implWrite(BufferedOutputStream.java:222)
[RUN_GRADLEW] 	at java.base/java.io.BufferedOutputStream.write(BufferedOutputStream.java:206)
[RUN_GRADLEW] 	at com.google.common.io.CountingOutputStream.write(CountingOutputStream.java:53)
[RUN_GRADLEW] 	at java.base/java.io.DataOutputStream.write(DataOutputStream.java:115)
[RUN_GRADLEW] 	at org.gradle.internal.io.StreamByteBuffer$StreamByteBufferChunk.writeTo(StreamByteBuffer.java:356)
[RUN_GRADLEW] 	at org.gradle.internal.io.StreamByteBuffer.writeTo(StreamByteBuffer.java:104)
[RUN_GRADLEW] 	at org.gradle.cache.internal.btree.BTreePersistentIndexedCache$DataBlock.write(BTreePersistentIndexedCache.java:711)
[RUN_GRADLEW] 	at org.gradle.cache.internal.btree.FileBackedBlockStore$BlockImpl.write(FileBackedBlockStore.java:215)
[RUN_GRADLEW] 	at org.gradle.cache.internal.btree.FileBackedBlockStore.write(FileBackedBlockStore.java:136)
[RUN_GRADLEW] 	... 22 more
[RUN_GRADLEW] > Task :app:createBundleReleaseJsAndAssets_SentryUpload_com.dukeemree.hizliokuma@1.0.0+2_2 FAILED
[RUN_GRADLEW] Copy `debugId` from packager source map to Hermes source map...
[RUN_GRADLEW] Hermes source map not found. ((A path to copy `debugId` to))
[RUN_GRADLEW] Check generated source map for Debug ID: /tmp/emre/eas-build-local-nodejs/315c31c7-5049-4f6e-a6ac-1b06071346d8/build/android/app/build/generated/sourcemaps/react/release/index.android.bundle.map does not exist.
[RUN_GRADLEW] Sentry Source Maps upload will include the release name and dist.
[RUN_GRADLEW] Sentry-CLI arguments: [/tmp/emre/eas-build-local-nodejs/315c31c7-5049-4f6e-a6ac-1b06071346d8/build/node_modules/@sentry/cli/bin/sentry-cli, react-native, gradle, --bundle, /tmp/emre/eas-build-local-nodejs/315c31c7-5049-4f6e-a6ac-1b06071346d8/build/android/app/build/generated/assets/react/release/index.android.bundle, --sourcemap, /tmp/emre/eas-build-local-nodejs/315c31c7-5049-4f6e-a6ac-1b06071346d8/build/android/app/build/generated/sourcemaps/react/release/index.android.bundle.map, --release, com.dukeemree.hizliokuma@1.0.0+2, --dist, 2]
[RUN_GRADLEW] > Task :app:createBundleReleaseJsAndAssets_SentryUploadCleanUp SKIPPED
[RUN_GRADLEW] INFO    2026-08-12 13:56:41.481167618 +03:00 Loaded file referenced by SENTRY_PROPERTIES (/tmp/emre/eas-build-local-nodejs/315c31c7-5049-4f6e-a6ac-1b06071346d8/build/android/sentry.properties)
[RUN_GRADLEW] error: An organization ID or slug is required (provide with --org)
[RUN_GRADLEW] Add --log-level=[info|debug] or export SENTRY_LOG_LEVEL=[info|debug] to see more output.
[RUN_GRADLEW] Please attach the full debug log to all bug reports.
[RUN_GRADLEW] FAILURE: Build completed with 9 failures.
[RUN_GRADLEW] 1: Task failed with an exception.
[RUN_GRADLEW] -----------
[RUN_GRADLEW] * What went wrong:
[RUN_GRADLEW] Execution failed for task ':react-native-reanimated:configureCMakeRelWithDebInfo[armeabi-v7a]'.
[RUN_GRADLEW] > java.io.IOException: No space left on device
[RUN_GRADLEW] * Try:
[RUN_GRADLEW] > Run with --stacktrace option to get the stack trace.
[RUN_GRADLEW] > Run with --info or --debug option to get more log output.
[RUN_GRADLEW] > Run with --scan to get full insights from a Build Scan (powered by Develocity).
[RUN_GRADLEW] > Get more help at https://help.gradle.org.
[RUN_GRADLEW] ==============================================================================
[RUN_GRADLEW] 2: Task failed with an exception.
[RUN_GRADLEW] -----------
[RUN_GRADLEW] * What went wrong:
[RUN_GRADLEW] Execution failed for task ':react-native-mmkv:buildCMakeRelWithDebInfo[x86]'.
[RUN_GRADLEW] > java.io.IOException: No space left on device
[RUN_GRADLEW] * Try:
[RUN_GRADLEW] > Run with --stacktrace option to get the stack trace.
[RUN_GRADLEW] > Run with --info or --debug option to get more log output.
[RUN_GRADLEW] > Run with --scan to get full insights from a Build Scan (powered by Develocity).
[RUN_GRADLEW] > Get more help at https://help.gradle.org.
[RUN_GRADLEW] ==============================================================================
[RUN_GRADLEW] 3: Task failed with an exception.
[RUN_GRADLEW] -----------
[RUN_GRADLEW] * What went wrong:
[RUN_GRADLEW] Execution failed for task ':react-native-worklets:compileReleaseJavaWithJavac'.
[RUN_GRADLEW] > Compilation failed; see the compiler output below.
[RUN_GRADLEW] * Try:
[RUN_GRADLEW] > Run with --scan to get full insights from a Build Scan (powered by Develocity).
[RUN_GRADLEW] ==============================================================================
[RUN_GRADLEW] 4: Task failed with an exception.
[RUN_GRADLEW] -----------
[RUN_GRADLEW] * What went wrong:
[RUN_GRADLEW] Execution failed for task ':expo-modules-core:buildCMakeRelWithDebInfo[arm64-v8a]'.
[RUN_GRADLEW] > com.android.ide.common.process.ProcessException: ninja: Entering directory `/tmp/emre/eas-build-local-nodejs/315c31c7-5049-4f6e-a6ac-1b06071346d8/build/node_modules/expo-modules-core/android/.cxx/RelWithDebInfo/x6w6h4r3/arm64-v8a'
[RUN_GRADLEW]   [1/62] Building CXX object CMakeFiles/expo-modules-core.dir/cmake_pch.hxx.pch
[RUN_GRADLEW]   FAILED: CMakeFiles/expo-modules-core.dir/cmake_pch.hxx.pch 
[RUN_GRADLEW]   /home/emre/Android/Sdk/ndk/27.1.12297006/toolchains/llvm/prebuilt/linux-x86_64/bin/clang++ --target=aarch64-none-linux-android24 --sysroot=/home/emre/Android/Sdk/ndk/27.1.12297006/toolchains/llvm/prebuilt/linux-x86_64/sysroot -Dexpo_modules_core_EXPORTS -I/home/emre/.gradle/caches/9.3.1/transforms/e88424997ecf7ed9545c92fde2f71276/transformed/react-android-0.86.2-release/prefab/modules/reactnative/include/react -I/home/emre/.gradle/caches/9.3.1/transforms/e88424997ecf7ed9545c92fde2f71276/transformed/react-android-0.86.2-release/prefab/modules/reactnative/include/react/fabric -I/tmp/emre/eas-build-local-nodejs/315c31c7-5049-4f6e-a6ac-1b06071346d8/build/node_modules/react-native/ReactAndroid/src/main/jni -I/tmp/emre/eas-build-local-nodejs/315c31c7-5049-4f6e-a6ac-1b06071346d8/build/node_modules/expo-modules-core/android/src/fabric -I/tmp/emre/eas-build-local-nodejs/315c31c7-5049-4f6e-a6ac-1b06071346d8/build/node_modules/expo-modules-core/android/../common/cpp -I/tmp/emre/eas-build-local-nodejs/315c31c7-5049-4f6e-a6ac-1b06071346d8/build/node_modules/expo-modules-core/android/../common/cpp/fabric -I/tmp/emre/eas-build-local-nodejs/315c31c7-5049-4f6e-a6ac-1b06071346d8/build/node_modules/react-native/ReactCommon -I/tmp/emre/eas-build-local-nodejs/315c31c7-5049-4f6e-a6ac-1b06071346d8/build/node_modules/react-native/ReactCommon/jsiexecutor -I/tmp/emre/eas-build-local-nodejs/315c31c7-5049-4f6e-a6ac-1b06071346d8/build/node_modules/react-native-worklets/Common/cpp -I/tmp/emre/eas-build-local-nodejs/315c31c7-5049-4f6e-a6ac-1b06071346d8/build/node_modules/react-native-worklets/android/src/main/cpp -I/tmp/emre/eas-build-local-nodejs/315c31c7-5049-4f6e-a6ac-1b06071346d8/build/node_modules/expo-modules-core/android/../common/cpp/JSI -I/tmp/emre/eas-build-local-nodejs/315c31c7-5049-4f6e-a6ac-1b06071346d8/build/node_modules/expo-modules-core/android/src/jsi -isystem /home/emre/.gradle/caches/9.3.1/transforms/e88424997ecf7ed9545c92fde2f71276/transformed/react-android-0.86.2-release/prefab/modules/jsi/include -isystem /home/emre/.gradle/caches/9.3.1/transforms/3171d54bac384dcf208251259792f0cf/transformed/fbjni-0.7.0/prefab/modules/fbjni/include -isystem /home/emre/.gradle/caches/9.3.1/transforms/e88424997ecf7ed9545c92fde2f71276/transformed/react-android-0.86.2-release/prefab/modules/reactnative/include -isystem /tmp/emre/eas-build-local-nodejs/315c31c7-5049-4f6e-a6ac-1b06071346d8/build/node_modules/react-native-worklets/android/build/prefab-headers/worklets -g -DANDROID -fdata-sections -ffunction-sections -funwind-tables -fstack-protector-strong -no-canonical-prefixes -D__BIONIC_NO_PAGE_SIZE_MACRO -D_FORTIFY_SOURCE=2 -Wformat -Werror=format-security   -O2 -g -DNDEBUG -fPIC -DWORKLETS_ENABLED=1 --std=c++20 -O2 -frtti -fexceptions -Wall -fstack-protector-all -DUSE_HERMES=0 -DUNIT_TEST=0 -DIS_NEW_ARCHITECTURE_ENABLED=1 -DRN_FABRIC_ENABLED=1 -DRN_SERIALIZABLE_STATE=1 -DFOLLY_NO_CONFIG=1 -DFOLLY_HAVE_CLOCK_GETTIME=1 -DFOLLY_USE_LIBCPP=1 -DFOLLY_CFG_NO_COROUTINES=1 -DFOLLY_MOBILE=1 -DFOLLY_HAVE_RECVMMSG=1 -DFOLLY_HAVE_PTHREAD=1 -DFOLLY_HAVE_XSI_STRERROR_R=1 -DREACT_NATIVE_TARGET_VERSION=86 -DREACT_NATIVE_MINOR_VERSION=86 -std=gnu++20 -Winvalid-pch -fpch-instantiate-templates -Xclang -emit-pch -Xclang -include -Xclang /tmp/emre/eas-build-local-nodejs/315c31c7-5049-4f6e-a6ac-1b06071346d8/build/node_modules/expo-modules-core/android/.cxx/RelWithDebInfo/x6w6h4r3/arm64-v8a/CMakeFiles/expo-modules-core.dir/cmake_pch.hxx -x c++-header -MD -MT CMakeFiles/expo-modules-core.dir/cmake_pch.hxx.pch -MF CMakeFiles/expo-modules-core.dir/cmake_pch.hxx.pch.d -o CMakeFiles/expo-modules-core.dir/cmake_pch.hxx.pch -c /tmp/emre/eas-build-local-nodejs/315c31c7-5049-4f6e-a6ac-1b06071346d8/build/node_modules/expo-modules-core/android/.cxx/RelWithDebInfo/x6w6
[RUN_GRADLEW]   C++ build system [build] failed while executing:
[RUN_GRADLEW]       /home/emre/Android/Sdk/cmake/3.22.1/bin/ninja \
[RUN_GRADLEW]         -C \
[RUN_GRADLEW]         /tmp/emre/eas-build-local-nodejs/315c31c7-5049-4f6e-a6ac-1b06071346d8/build/node_modules/expo-modules-core/android/.cxx/RelWithDebInfo/x6w6h4r3/arm64-v8a \
[RUN_GRADLEW]         expo-modules-core
[RUN_GRADLEW]     from /tmp/emre/eas-build-local-nodejs/315c31c7-5049-4f6e-a6ac-1b06071346d8/build/node_modules/expo-modules-core/android
[RUN_GRADLEW] * Try:
[RUN_GRADLEW] > Run with --stacktrace option to get the stack trace.
[RUN_GRADLEW] > Run with --info or --debug option to get more log output.
[RUN_GRADLEW] > Run with --scan to get full insights from a Build Scan (powered by Develocity).
[RUN_GRADLEW] > Get more help at https://help.gradle.org.
[RUN_GRADLEW] ==============================================================================
[RUN_GRADLEW] 5: Task failed with an exception.
[RUN_GRADLEW] -----------
[RUN_GRADLEW] * What went wrong:
[RUN_GRADLEW] Execution failed for task ':react-native-screens:compileReleaseJavaWithJavac'.
[RUN_GRADLEW] > Compilation failed; see the compiler output below.
[RUN_GRADLEW] * Try:
[RUN_GRADLEW] > Run with --scan to get full insights from a Build Scan (powered by Develocity).
[RUN_GRADLEW] ==============================================================================
[RUN_GRADLEW] 6: Task failed with an exception.
[RUN_GRADLEW] -----------
[RUN_GRADLEW] * What went wrong:
[RUN_GRADLEW] Execution failed for task ':shopify_react-native-skia:buildCMakeRelWithDebInfo[armeabi-v7a]'.
[RUN_GRADLEW] > com.android.ide.common.process.ProcessException: ninja: Entering directory `/tmp/emre/eas-build-local-nodejs/315c31c7-5049-4f6e-a6ac-1b06071346d8/build/node_modules/@shopify/react-native-skia/android/.cxx/RelWithDebInfo/e104c4os/armeabi-v7a'
[RUN_GRADLEW]   [1/19] Building CXX object CMakeFiles/rnskia.dir/cpp/rnskia-android/AHardwareBufferUtils.cpp.o
[RUN_GRADLEW]   [2/19] Building CXX object 'CMakeFiles/rnskia.dir/tmp/emre/eas-build-local-nodejs/315c31c7-5049-4f6e-a6ac-1b06071346d8/build/node_modules/@shopify/react-native-skia/cpp/api/third_party/base64.cpp.o'
[RUN_GRADLEW]   [3/19] Building CXX object 'CMakeFiles/rnskia.dir/tmp/emre/eas-build-local-nodejs/315c31c7-5049-4f6e-a6ac-1b06071346d8/build/node_modules/@shopify/react-native-skia/cpp/jsi/RuntimeAwareCache.cpp.o'
[RUN_GRADLEW]   [4/19] Building CXX object 'CMakeFiles/rnskia.dir/tmp/emre/eas-build-local-nodejs/315c31c7-5049-4f6e-a6ac-1b06071346d8/build/node_modules/@shopify/react-native-skia/cpp/api/JsiSkDispatcher.cpp.o'
[RUN_GRADLEW]   [5/19] Building CXX object 'CMakeFiles/rnskia.dir/tmp/emre/eas-build-local-nodejs/315c31c7-5049-4f6e-a6ac-1b06071346d8/build/node_modules/@shopify/react-native-skia/cpp/jsi/JsiPromises.cpp.o'
[RUN_GRADLEW]   [6/19] Building CXX object CMakeFiles/rnskia.dir/cpp/rnskia-android/gl/Error.cpp.o
[RUN_GRADLEW]   [7/19] Building CXX object 'CMakeFiles/rnskia.dir/tmp/emre/eas-build-local-nodejs/315c31c7-5049-4f6e-a6ac-1b06071346d8/build/node_modules/@shopify/react-native-skia/cpp/api/third_party/CSSColorParser.cpp.o'
[RUN_GRADLEW]   [8/19] Building CXX object 'CMakeFiles/rnskia.dir/tmp/emre/eas-build-local-nodejs/315c31c7-5049-4f6e-a6ac-1b06071346d8/build/node_modules/@shopify/react-native-skia/cpp/jsi/RuntimeLifecycleMonitor.cpp.o'
[RUN_GRADLEW]   [9/19] Building CXX object CMakeFiles/rnskia.dir/cpp/rnskia-android/OpenGLWindowContext.cpp.o
[RUN_GRADLEW]   [10/19] Building CXX object CMakeFiles/rnskia.dir/cpp/rnskia-android/RNSkAndroidVideo.cpp.o
[RUN_GRADLEW]   [11/19] Building CXX object CMakeFiles/rnskia.dir/cpp/rnskia-android/GrAHardwareBufferUtils.cpp.o
[RUN_GRADLEW]   [12/19] Building CXX object CMakeFiles/rnskia.dir/cpp/jni/JniPlatformContext.cpp.o
[RUN_GRADLEW]   [13/19] Building CXX object 'CMakeFiles/rnskia.dir/tmp/emre/eas-build-local-nodejs/315c31c7-5049-4f6e-a6ac-1b06071346d8/build/node_modules/@shopify/react-native-skia/cpp/jsi/JsiHostObject.cpp.o'
[RUN_GRADLEW]   [14/19] Building CXX object CMakeFiles/rnskia.dir/cpp/rnskia-android/RNSkOpenGLCanvasProvider.cpp.o
[RUN_GRADLEW]   [15/19] Building CXX object CMakeFiles/rnskia.dir/cpp/jni/JniSkiaManager.cpp.o
[RUN_GRADLEW]   [16/19] Building CXX object 'CMakeFiles/rnskia.dir/tmp/emre/eas-build-local-nodejs/315c31c7-5049-4f6e-a6ac-1b06071346d8/build/node_modules/@shopify/react-native-skia/cpp/api/third_party/SkottieUtils.cpp.o'
[RUN_GRADLEW]   [17/19] Building CXX object CMakeFiles/rnskia.dir/cpp/jni/JniLoad.cpp.o
[RUN_GRADLEW]   [18/19] Building CXX object 'CMakeFiles/rnskia.dir/tmp/emre/eas-build-local-nodejs/315c31c7-5049-4f6e-a6ac-1b06071346d8/build/node_modules/@shopify/react-native-skia/cpp/rnskia/RNSkManager.cpp.o'
[RUN_GRADLEW]   FAILED: CMakeFiles/rnskia.dir/tmp/emre/eas-build-local-nodejs/315c31c7-5049-4f6e-a6ac-1b06071346d8/build/node_modules/@shopify/react-native-skia/cpp/rnskia/RNSkManager.cpp.o 
[RUN_GRADLEW]   /home/emre/Android/Sdk/ndk/27.1.12297006/toolchains/llvm/prebuilt/linux-x86_64/bin/clang++ --target=armv7-none-linux-androideabi24 --sysroot=/home/emre/Android/Sdk/ndk/27.1.12297006/toolchains/llvm/prebuilt/linux-x86_64/sysroot -DREACT_NATIVE_VERSION=86 -DRN_SERIALIZABLE_STATE -DSK_GANESH -DSK_GL -Drnskia_EXPORTS -I/tmp/emre/eas-build-local-nodejs/315c31c7-5049-4f6e-a6ac-1b06071346d8/build/node_modules/react-native/ReactCommon/callinvoker -I/tmp/emre/eas-build-local-nodejs/315c31c7-5049-4f6e-a6ac-1b06071346d8/build/node_modules/react-native/ReactCommon/jsi -I/tmp/emre/eas-build-local-nodejs/315c31c7-5049-4f6e-a6ac-1b06071346d8/build/node_modules/react-native/ReactCommon -I/tmp/emre/eas-build-local-nodejs/315c31c7-5049-4f6e-a6ac-1b06071346d8/build/node_modules/react-native/ReactCommon/react/nativemodule/core -I/tmp/emre/eas-build-local-nodejs/315c31c7-5049-4f6e-a6ac-1b06071346d8/build/node_modules/react-native/ReactCommon/runtimeexecutor -I/tmp/emre/eas-build-local-nodejs/315c31c7-5049-4f6e-a6ac-1b06071346d8/build/node_modules/react-native/ReactAndroid/src/main/jni -I/tmp/emre/eas-build-local-nodejs/315c31c7-5049-4f6e-a6ac
[RUN_GRADLEW]   C++ build system [build] failed while executing:
[RUN_GRADLEW]       /home/emre/Android/Sdk/cmake/3.22.1/bin/ninja \
[RUN_GRADLEW]         -C \
[RUN_GRADLEW]         /tmp/emre/eas-build-local-nodejs/315c31c7-5049-4f6e-a6ac-1b06071346d8/build/node_modules/@shopify/react-native-skia/android/.cxx/RelWithDebInfo/e104c4os/armeabi-v7a \
[RUN_GRADLEW]         rnskia
[RUN_GRADLEW]     from /tmp/emre/eas-build-local-nodejs/315c31c7-5049-4f6e-a6ac-1b06071346d8/build/node_modules/@shopify/react-native-skia/android
[RUN_GRADLEW] * Try:
[RUN_GRADLEW] > Run with --stacktrace option to get the stack trace.
[RUN_GRADLEW] > Run with --info or --debug option to get more log output.
[RUN_GRADLEW] > Run with --scan to get full insights from a Build Scan (powered by Develocity).
[RUN_GRADLEW] > Get more help at https://help.gradle.org.
[RUN_GRADLEW] ==============================================================================
[RUN_GRADLEW] 7: Task failed with an exception.
[RUN_GRADLEW] -----------
[RUN_GRADLEW] * What went wrong:
[RUN_GRADLEW] Execution failed for task ':app:createBundleReleaseJsAndAssets'.
[RUN_GRADLEW] > Process 'command '/tmp/emre/eas-build-local-nodejs/315c31c7-5049-4f6e-a6ac-1b06071346d8/build/node_modules/hermes-compiler/hermesc/linux64-bin/hermesc'' finished with non-zero exit value 1
[RUN_GRADLEW] * Try:
[RUN_GRADLEW] > Run with --stacktrace option to get the stack trace.
[RUN_GRADLEW] > Run with --info or --debug option to get more log output.
[RUN_GRADLEW] > Run with --scan to get full insights from a Build Scan (powered by Develocity).
[RUN_GRADLEW] > Get more help at https://help.gradle.org.
[RUN_GRADLEW] ==============================================================================
[RUN_GRADLEW] 8: Task failed with an exception.
[RUN_GRADLEW] -----------
[RUN_GRADLEW] * Where:
[RUN_GRADLEW] Script '/tmp/emre/eas-build-local-nodejs/315c31c7-5049-4f6e-a6ac-1b06071346d8/build/node_modules/@sentry/react-native/sentry.gradle' line: 132
[RUN_GRADLEW] * What went wrong:
[RUN_GRADLEW] Execution failed for task ':app:createBundleReleaseJsAndAssets_SentryUpload_com.dukeemree.hizliokuma@1.0.0+2_2'.
[RUN_GRADLEW] > Process 'command '/tmp/emre/eas-build-local-nodejs/315c31c7-5049-4f6e-a6ac-1b06071346d8/build/node_modules/@sentry/cli/bin/sentry-cli'' finished with non-zero exit value 1
[RUN_GRADLEW] * Try:
[RUN_GRADLEW] > Run with --stacktrace option to get the stack trace.
[RUN_GRADLEW] > Run with --info or --debug option to get more log output.
[RUN_GRADLEW] > Run with --scan to get full insights from a Build Scan (powered by Develocity).
[RUN_GRADLEW] > Get more help at https://help.gradle.org.
[RUN_GRADLEW] ==============================================================================
[RUN_GRADLEW] 9: Task failed with an exception.
[RUN_GRADLEW] -----------
[RUN_GRADLEW] * What went wrong:
[RUN_GRADLEW] java.nio.file.FileSystemException: /home/emre/.gradle/.tmp/problems-report14403898486035571906.html -> /tmp/emre/eas-build-local-nodejs/315c31c7-5049-4f6e-a6ac-1b06071346d8/build/android/build/reports/problems/problems-report.html: No space left on device
[RUN_GRADLEW] * Try:
[RUN_GRADLEW] > Run with --stacktrace option to get the stack trace.
[RUN_GRADLEW] > Run with --info or --debug option to get more log output.
[RUN_GRADLEW] > Run with --scan to get full insights from a Build Scan (powered by Develocity).
[RUN_GRADLEW] > Get more help at https://help.gradle.org.
[RUN_GRADLEW] ==============================================================================
[RUN_GRADLEW] BUILD FAILED in 6m 22s
[RUN_GRADLEW] Deprecated Gradle features were used in this build, making it incompatible with Gradle 10.
[RUN_GRADLEW] You can use '--warning-mode all' to show the individual deprecation warnings and determine if they come from your own scripts or plugins.
[RUN_GRADLEW] For more on this, please refer to https://docs.gradle.org/9.3.1/userguide/command_line_interface.html#sec:command_line_warnings in the Gradle documentation.
[RUN_GRADLEW] 907 actionable tasks: 907 executed
[RUN_GRADLEW] FAILURE: Build failed with an exception.
[RUN_GRADLEW] * What went wrong:
[RUN_GRADLEW] Failed to notify root build lifecycle listener.
[RUN_GRADLEW] >
[RUN_GRADLEW] Could not update /tmp/emre/eas-build-local-nodejs/315c31c7-5049-4f6e-a6ac-1b06071346d8/build/android/.gradle/9.3.1/fileChanges/last-build.bin
[RUN_GRADLEW] > java.io.IOException: No space left on device
[RUN_GRADLEW] * Try:
[RUN_GRADLEW] > Run with --stacktrace option to get the stack trace.
[RUN_GRADLEW] > Run with --info or --debug option to get more log output.
[RUN_GRADLEW] > Run with --scan to get full insights from a Build Scan (powered by Develocity).
[RUN_GRADLEW] > Get more help at https://help.gradle.org.
[RUN_GRADLEW] BUILD FAILED in 6m 22s
[RUN_GRADLEW] Deprecated Gradle features were used in this build, making it incompatible with Gradle 10.
[RUN_GRADLEW] You can use '--warning-mode all' to show the individual deprecation warnings and determine if they come from your own scripts or plugins.
[RUN_GRADLEW] For more on this, please refer to https://docs.gradle.org/9.3.1/userguide/command_line_interface.html#sec:command_line_warnings in the Gradle documentation.
[RUN_GRADLEW] FAILURE:
[RUN_GRADLEW] Build failed with an exception.
[RUN_GRADLEW] * What went wrong:
[RUN_GRADLEW] Could not receive a message from the daemon.
[RUN_GRADLEW] * Try:
[RUN_GRADLEW] > Run with --stacktrace option to get the stack trace.
[RUN_GRADLEW] > Run with --info or --debug option to get more log output.
[RUN_GRADLEW] > Run with --scan to get full insights from a Build Scan (powered by Develocity).
[RUN_GRADLEW] > Get more help at https://help.gradle.org.
[RUN_GRADLEW] Error: Gradle build failed with unknown error. See logs for the "Run gradlew" phase for more information.

Build failed
Gradle build failed with unknown error. See logs for the "Run gradlew" phase for more information.
Error: Gradle build failed with unknown error. See logs for the "Run gradlew" phase for more information.
    at resolveBuildPhaseErrorAsync (/home/emre/.npm/_npx/36e7aa1ad536a557/node_modules/@expo/build-tools/dist/buildErrors/detectError.js:61:12)
    at process.processTicksAndRejections (node:internal/process/task_queues:104:5)
    at async BuildContext.handleBuildPhaseErrorAsync (/home/emre/.npm/_npx/36e7aa1ad536a557/node_modules/@expo/build-tools/dist/context.js:193:28)
    at async BuildContext.runBuildPhase (/home/emre/.npm/_npx/36e7aa1ad536a557/node_modules/@expo/build-tools/dist/context.js:138:35)
    at async buildInnerAsync (/home/emre/.npm/_npx/36e7aa1ad536a557/node_modules/@expo/build-tools/dist/builders/android.js:152:5)
    at async buildAsync (/home/emre/.npm/_npx/36e7aa1ad536a557/node_modules/@expo/build-tools/dist/builders/android.js:46:9)
    at async runBuilderWithHooksAsync (/home/emre/.npm/_npx/36e7aa1ad536a557/node_modules/@expo/build-tools/dist/builders/common.js:12:13)
    at async Object.androidBuilder (/home/emre/.npm/_npx/36e7aa1ad536a557/node_modules/@expo/build-tools/dist/builders/android.js:31:16)
    at async buildAndroidAsync (/home/emre/.npm/_npx/36e7aa1ad536a557/node_modules/eas-cli-local-build-plugin/dist/android.js:43:12)
    at async buildAsync (/home/emre/.npm/_npx/36e7aa1ad536a557/node_modules/eas-cli-local-build-plugin/dist/build.js:54:29)

Build context (for debugging this failed local build):
  Platform: android
  Build profile: preview
  Workflow: managed
  Distribution: internal
  Credentials source: remote
  Project root directory: .
  Required package manager: bun
  eas-cli version: 21.8.0
  SDK version: 57.0.0
  React Native version: 0.86.2
  Expo package version: 57.0.12
  App version: 1.0.0
  Fingerprint hash: 5d7c30eec1df6475660e15955037b84838edd880
  Git commit: 7638916ad2c5a6c9a35656284f430732b7bcbfba
  Git working tree dirty: true
  Build tracking ID: c68d444c-fce4-4270-a5d5-ba659bfbd410
  Project ID: 6e8675f6-36b8-4d11-ba8a-3fe4efb3d63d
npx -y eas-cli-local-build-plugin@21.6.0 exited with non-zero code: 1
    Error: build command failed.
